<?xml version="1.0" encoding="UTF-8"?>
<DeploymentDescriptors xmlns="http://www.tibco.com/xmlns/dd">
    <name>SprintLDAPAdapterConfiguration.aar</name>
    <version>14</version>
    <owner>ankur</owner>
    <creationDate>4/14/16 5:07 PM</creationDate>
    <DeploymentDescriptorFactory>
        <name>{http://www.tibco.com/xmlns/dd}StartAsOneOf</name>
        <deploymentDescriptorFactoryClassName>com.tibco.archive.helpers.StartAsOneOf</deploymentDescriptorFactoryClassName>
    </DeploymentDescriptorFactory>
    <StartAsOneOf>
        <name>StartAsOneOf</name>
        <ComponentSoftwareReference>
            <componentSoftwareName>adldap</componentSoftwareName>
            <minimumComponentSoftwareVersion>6.1.0.0</minimumComponentSoftwareVersion>
            <minimumTRAVersion>5.1.0.0</minimumTRAVersion>
            <configVersion>6.1.0.0</configVersion>
            <keyword>Adapter</keyword>
        </ComponentSoftwareReference>
    </StartAsOneOf>
    <DeploymentDescriptorFactory>
        <name>{http://www.tibco.com/xmlns/dd}NameValuePairs</name>
        <deploymentDescriptorFactoryClassName>com.tibco.archive.helpers.NameValuePairs</deploymentDescriptorFactoryClassName>
    </DeploymentDescriptorFactory>
    <NameValuePairs>
        <name>EXTERNAL_DEPENDENCIES</name>
        <NameValuePair>
            <name>EXTERNAL_RESOURCE_DEPENDENCY</name>
            <value>/AdapterConfigurations/LDAP/SprintLDAPAdapterConfiguration.adldap#adapter.ldap,/AESchemas/ae/adapter/ldap/openLDAP/tgs-3uk-centos64-1.localdomain/ReplySchema.aeschema,/AESchemas/ae/adapter/ldap/openLDAP/.folder,/AESchemas/ae/adapter/ldap/openLDAP/tgs-3uk-centos64-1.localdomain/native.aeschema,/AESchemas/ae/adapter/ldap/openLDAP/tgs-3uk-centos64-1.localdomain.aeschema,/AESchemas/ae/adapter/ldap/openLDAP/tgs-3uk-centos64-1.localdomain/.folder,/AESchemas/ae/ldap/openLDAP/tgs-3uk-centos64-1.localdomain.aeschema,/AESchemas/ae/scalar/ae.aeschema,/AESchemas/ae.aeschema</value>
            <description>External resource configuration required by the archive.</description>
            <requiresConfiguration>false</requiresConfiguration>
            <disableConfigureAtDeployment>true</disableConfigureAtDeployment>
        </NameValuePair>
    </NameValuePairs>
    <NameValuePairs>
        <name>Runtime Variables</name>
        <NameValuePair>
            <name>SharedResources/Connections/JMS/MSF-JMS-FOM-Connection/TopicConnectionFactory</name>
            <value>TopicConnectionFactory</value>
            <requiresConfiguration>true</requiresConfiguration>
        </NameValuePair>
        <NameValuePairBoolean>
            <name>MSF/Exceptions/ExceptionLogging/LogUser</name>
            <value>true</value>
            <requiresConfiguration>true</requiresConfiguration>
        </NameValuePairBoolean>
        <NameValuePairInteger>
            <name>AdapterConfigurations/LDAP/PortNumber</name>
            <value>10636</value>
            <requiresConfiguration>true</requiresConfiguration>
        </NameValuePairInteger>
        <NameValuePairPassword>
            <name>SharedResources/Connections/JMS/MSF-JMS-Connection1/Password</name>
            <value>#!qDxvzRRnBq0FR1lRD4fYGkIuR4ycNbKlMZs/UYcfC8U=</value>
            <requiresConfiguration>true</requiresConfiguration>
        </NameValuePairPassword>
        <NameValuePairBoolean>
            <name>SharedResources/Connections/JMS/MSF-JMS-BPM-Connection/AutoGenerateClientID</name>
            <value>true</value>
            <requiresConfiguration>true</requiresConfiguration>
        </NameValuePairBoolean>
        <NameValuePair>
            <name>SharedResources/Connections/JMS/MSF-JMS-Connection1/JNDIUserName</name>
            <value>tibco</value>
            <requiresConfiguration>true</requiresConfiguration>
        </NameValuePair>
        <NameValuePair>
            <name>SharedResources/Connections/HTTP/MSF-HTTPS-Connection1/Port</name>
            <value>6060</value>
            <requiresConfiguration>true</requiresConfiguration>
        </NameValuePair>
        <NameValuePairInteger>
            <name>IntegrationServices/Enterprise/EnterpriseSecurity/EnterpriseSecurityAuthentication/MCSprint_v1/AuthenticateThreeConnectUser/ServiceClient/Authenticate/TimeoutSec</name>
            <value>70</value>
            <requiresConfiguration>true</requiresConfiguration>
        </NameValuePairInteger>
        <NameValuePairBoolean>
            <name>SharedResources/Connections/JMS/MSF-JMS-Connection1/AutoGenerateClientID</name>
            <value>true</value>
            <requiresConfiguration>true</requiresConfiguration>
        </NameValuePairBoolean>
        <NameValuePair>
            <name>SharedResources/Connections/JMS/MSF-JMS-FOM-Connection/UserName</name>
            <value>tibco</value>
            <requiresConfiguration>true</requiresConfiguration>
        </NameValuePair>
        <NameValuePairPassword>
            <name>SharedResources/Connections/JMS/MSF-JMS-FOM-Connection/JNDIPassword</name>
            <value>#!aXEg4cw5Es8ldV2t2BRXNGGXA6CVEIGUb06T5AaNDrA=</value>
            <requiresConfiguration>true</requiresConfiguration>
        </NameValuePairPassword>
        <NameValuePair>
            <name>SharedResources/Connections/JMS/MSF-JMS-INT-Connection/QueueConnectionFactory</name>
            <value>QueueConnectionFactory</value>
            <requiresConfiguration>true</requiresConfiguration>
        </NameValuePair>
        <NameValuePairBoolean>
            <name>MSF/Exceptions/ExceptionLogging/LogBusiness</name>
            <value>true</value>
            <requiresConfiguration>true</requiresConfiguration>
        </NameValuePairBoolean>
        <NameValuePair>
            <name>SharedResources/Connections/JMS/MSF-JMS-MON-Connection/UserName</name>
            <value>tibco</value>
            <requiresConfiguration>true</requiresConfiguration>
        </NameValuePair>
        <NameValuePairBoolean>
            <name>SharedResources/Connections/JMS/MSF-JMS-MON-Connection/AutoGenerateClientID</name>
            <value>true</value>
            <requiresConfiguration>true</requiresConfiguration>
        </NameValuePairBoolean>
        <NameValuePairInteger>
            <name>MSF/Logging/LogLevel</name>
            <value>4</value>
            <requiresConfiguration>true</requiresConfiguration>
        </NameValuePairInteger>
        <NameValuePairBoolean>
            <name>MSF/Exceptions/ExceptionLogging/LogToTopic/Enabled</name>
            <value>false</value>
            <requiresConfiguration>true</requiresConfiguration>
        </NameValuePairBoolean>
        <NameValuePairBoolean>
            <name>MSF/Tracing/TraceEnabled</name>
            <value>true</value>
            <requiresConfiguration>true</requiresConfiguration>
        </NameValuePairBoolean>
        <NameValuePairPassword>
            <name>SharedResources/Connections/JMS/MSF-JMS-BPM-Connection/Password</name>
            <value>#!BmeBahz8aDFCXRoDWXQdJuJpmBzO1GSGZ+yI3ZOrP2A=</value>
            <requiresConfiguration>true</requiresConfiguration>
        </NameValuePairPassword>
        <NameValuePair>
            <name>SharedResources/Connections/JMS/MSF-JMS-BPM-Connection/UserName</name>
            <value>tibco</value>
            <requiresConfiguration>true</requiresConfiguration>
        </NameValuePair>
        <NameValuePair>
            <name>SharedResources/Connections/JMS/MSF-JMS-BPM-Connection/TopicConnectionFactory</name>
            <value>TopicConnectionFactory</value>
            <requiresConfiguration>true</requiresConfiguration>
        </NameValuePair>
        <NameValuePair>
            <name>Destinations/Topics/MSF-XX/MSF/LogException_v1</name>
            <value>MSF-XX.PUB.TIB.LOGEXCEPTION.XML.V1</value>
            <requiresConfiguration>true</requiresConfiguration>
        </NameValuePair>
        <NameValuePairPassword>
            <name>SharedResources/Connections/JMS/MSF-JMS-Connection1/JNDIPassword</name>
            <value>#!ssUnglyBJgsvWE447WCzY+015h0ThKGVqYeGNZ1XPvo=</value>
            <requiresConfiguration>true</requiresConfiguration>
        </NameValuePairPassword>
        <NameValuePair>
            <name>SharedResources/Connections/JMS/MSF-JMS-MON-Connection/TopicConnectionFactory</name>
            <value>TopicConnectionFactory</value>
            <requiresConfiguration>true</requiresConfiguration>
        </NameValuePair>
        <NameValuePair>
            <name>SharedResources/Connections/JMS/MSF-JMS-BPM-Connection/JNDIUserName</name>
            <value>tibco</value>
            <requiresConfiguration>true</requiresConfiguration>
        </NameValuePair>
        <NameValuePair>
            <name>SharedResources/Connections/JMS/MSF-JMS-Connection1/UserName</name>
            <value>tibco</value>
            <requiresConfiguration>true</requiresConfiguration>
        </NameValuePair>
        <NameValuePair>
            <name>SharedResources/Connections/JMS/MSF-JMS-MON-Connection/ClientID</name>
            <value/>
            <requiresConfiguration>true</requiresConfiguration>
        </NameValuePair>
        <NameValuePair>
            <name>SharedResources/Connections/JMS/MSF-JMS-INT-Connection/TopicConnectionFactory</name>
            <value>TopicConnectionFactory</value>
            <requiresConfiguration>true</requiresConfiguration>
        </NameValuePair>
        <NameValuePair>
            <name>SharedResources/Connections/HTTP/MSF-HTTP-Connection1/Port</name>
            <value>6060</value>
            <requiresConfiguration>true</requiresConfiguration>
        </NameValuePair>
        <NameValuePair>
            <name>SharedResources/Connections/JMS/MSF-JMS-MON-Connection/JNDIContextFactory</name>
            <value>com.tibco.tibjms.naming.TibjmsInitialContextFactory</value>
            <requiresConfiguration>true</requiresConfiguration>
        </NameValuePair>
        <NameValuePair>
            <name>SharedResources/Connections/JMS/MSF-JMS-FOM-Connection/QueueConnectionFactory</name>
            <value>QueueConnectionFactory</value>
            <requiresConfiguration>true</requiresConfiguration>
        </NameValuePair>
        <NameValuePair>
            <name>SharedResources/Connections/JMS/MSF-JMS-BPM-Connection/JNDIContextURL</name>
            <value>tibjmsnaming://tgs-3uk-centos64-1:7252</value>
            <requiresConfiguration>true</requiresConfiguration>
        </NameValuePair>
        <NameValuePair>
            <name>SharedResources/Connections/JMS/MSF-JMS-Connection1/JNDIContextFactory</name>
            <value>com.tibco.tibjms.naming.TibjmsInitialContextFactory</value>
            <requiresConfiguration>true</requiresConfiguration>
        </NameValuePair>
        <NameValuePairPassword>
            <name>SharedResources/Connections/JMS/MSF-JMS-MON-Connection/Password</name>
            <value>#!9XUAL6Z7lTTtHaNYDsdLdg8E6oSiB1UyJuhEtuGWQJU=</value>
            <requiresConfiguration>true</requiresConfiguration>
        </NameValuePairPassword>
        <NameValuePairBoolean>
            <name>MSF/Audit/AuditEnabled</name>
            <value>true</value>
            <requiresConfiguration>true</requiresConfiguration>
        </NameValuePairBoolean>
        <NameValuePair>
            <name>SharedResources/Connections/JMS/MSF-JMS-INT-Connection/JNDIUserName</name>
            <value>admin</value>
            <requiresConfiguration>true</requiresConfiguration>
        </NameValuePair>
        <NameValuePair>
            <name>SharedResources/Connections/JDBC/MSF-JDBC-Connection1/DBURL</name>
            <value>jdbc:oracle:thin:@127.0.0.1:10000/SPRXD03</value>
            <requiresConfiguration>true</requiresConfiguration>
        </NameValuePair>
        <NameValuePair>
            <name>SharedResources/Connections/JMS/MSF-JMS-Connection1/JNDIContextURL</name>
            <value>tibjmsnaming://tgs-3uk-centos64-1:7242</value>
            <requiresConfiguration>true</requiresConfiguration>
        </NameValuePair>
        <NameValuePairPassword>
            <name>SharedResources/Connections/JMS/MSF-JMS-INT-Connection/JNDIPassword</name>
            <value>#!CLa7viNpfz1kg+Od5BqaGlDAxhZcG3mJPwMM69JPrJ4=</value>
            <requiresConfiguration>true</requiresConfiguration>
        </NameValuePairPassword>
        <NameValuePair>
            <name>SharedResources/Connections/JDBC/MSF-JDBC-Connection1/MaxConnections</name>
            <value>10</value>
            <requiresConfiguration>true</requiresConfiguration>
        </NameValuePair>
        <NameValuePair>
            <name>SharedResources/Connections/JMS/MSF-JMS-BPM-Connection/QueueConnectionFactory</name>
            <value>QueueConnectionFactory</value>
            <requiresConfiguration>true</requiresConfiguration>
        </NameValuePair>
        <NameValuePair>
            <name>SharedResources/Connections/JDBC/MSF-JDBC-Connection1/LoginTimeout</name>
            <value>0</value>
            <requiresConfiguration>true</requiresConfiguration>
        </NameValuePair>
        <NameValuePair>
            <name>SharedResources/Connections/JMS/MSF-JMS-Connection1/ClientID</name>
            <value/>
            <requiresConfiguration>true</requiresConfiguration>
        </NameValuePair>
        <NameValuePairBoolean>
            <name>SharedResources/Connections/JMS/MSF-JMS-FOM-Connection/AutoGenerateClientID</name>
            <value>true</value>
            <requiresConfiguration>true</requiresConfiguration>
        </NameValuePairBoolean>
        <NameValuePair>
            <name>SharedResources/Connections/JMS/MSF-JMS-FOM-Connection/ClientID</name>
            <value/>
            <requiresConfiguration>true</requiresConfiguration>
        </NameValuePair>
        <NameValuePair>
            <name>MSF/Exceptions/ExceptionLogging/ActionOnFailure</name>
            <value>CONTINUE</value>
            <requiresConfiguration>true</requiresConfiguration>
        </NameValuePair>
        <NameValuePairBoolean>
            <name>MSF/Exceptions/ExceptionLogging/LogPayload</name>
            <value>true</value>
            <requiresConfiguration>true</requiresConfiguration>
        </NameValuePairBoolean>
        <NameValuePair>
            <name>SharedResources/Connections/JMS/MSF-JMS-MON-Connection/JNDIContextURL</name>
            <value>tibjmsnaming://tgs-3uk-centos64-1:7232</value>
            <requiresConfiguration>true</requiresConfiguration>
        </NameValuePair>
        <NameValuePair>
            <name>SharedResources/Connections/HTTP/MSF-HTTP-Connection1/Host</name>
            <value>localhost</value>
            <requiresConfiguration>true</requiresConfiguration>
        </NameValuePair>
        <NameValuePairInteger>
            <name>IntegrationServices/Enterprise/EnterpriseSecurity/EnterpriseSecurityAuthentication/MCSprint_v1/AuthenticateThreeConnectUser/ServiceClient/Authenticate/JMSExpirationSec</name>
            <value>10</value>
            <requiresConfiguration>true</requiresConfiguration>
        </NameValuePairInteger>
        <NameValuePairPassword>
            <name>SharedResources/Connections/JDBC/MSF-JDBC-Connection1/Password</name>
            <value>#!Iq81+kQeMV64H9uvsOEx/2/uaSKB9co0ikS9LgrAaTw=</value>
            <requiresConfiguration>true</requiresConfiguration>
        </NameValuePairPassword>
        <NameValuePair>
            <name>SharedResources/Connections/HTTP/MSF-HTTPS-Connection1/Host</name>
            <value>localhost</value>
            <requiresConfiguration>true</requiresConfiguration>
        </NameValuePair>
        <NameValuePairInteger>
            <name>MSF/Exceptions/ExceptionLogging/LogToTopic/Retries</name>
            <value>2</value>
            <requiresConfiguration>true</requiresConfiguration>
        </NameValuePairInteger>
        <NameValuePair>
            <name>SharedResources/Connections/JMS/MSF-JMS-INT-Connection/JNDIContextFactory</name>
            <value>com.tibco.tibjms.naming.TibjmsInitialContextFactory</value>
            <requiresConfiguration>true</requiresConfiguration>
        </NameValuePair>
        <NameValuePair>
            <name>SharedResources/Connections/JMS/MSF-JMS-FOM-Connection/JNDIUserName</name>
            <value>tibco</value>
            <requiresConfiguration>true</requiresConfiguration>
        </NameValuePair>
        <NameValuePair>
            <name>SharedResources/Connections/JMS/MSF-JMS-INT-Connection/JNDIContextURL</name>
            <value>tibjmsnaming://172.26.253.207:7242</value>
            <requiresConfiguration>true</requiresConfiguration>
        </NameValuePair>
        <NameValuePairPassword>
            <name>SharedResources/Connections/JMS/MSF-JMS-FOM-Connection/Password</name>
            <value>#!biDjkBcCcS9KhoG5Uheq5/X3y5AbrMDuTdzi/5zIQ2A=</value>
            <requiresConfiguration>true</requiresConfiguration>
        </NameValuePairPassword>
        <NameValuePairBoolean>
            <name>MSF/Logging/LogEnabled</name>
            <value>true</value>
            <requiresConfiguration>true</requiresConfiguration>
        </NameValuePairBoolean>
        <NameValuePair>
            <name>SharedResources/Connections/JMS/MSF-JMS-INT-Connection/ClientID</name>
            <value/>
            <requiresConfiguration>true</requiresConfiguration>
        </NameValuePair>
        <NameValuePair>
            <name>SharedResources/Connections/JDBC/MSF-JDBC-Connection1/UserName</name>
            <value>sprintdev</value>
            <requiresConfiguration>true</requiresConfiguration>
        </NameValuePair>
        <NameValuePairBoolean>
            <name>MSF/Exceptions/ExceptionLogging/LogTechnical</name>
            <value>true</value>
            <requiresConfiguration>true</requiresConfiguration>
        </NameValuePairBoolean>
        <NameValuePair>
            <name>SharedResources/Connections/JMS/MSF-JMS-INT-Connection/UserName</name>
            <value>admin</value>
            <requiresConfiguration>true</requiresConfiguration>
        </NameValuePair>
        <NameValuePairInteger>
            <name>MSF/Exceptions/ExceptionLogging/LogToTopic/SleepOnRetryMillisec</name>
            <value>1000</value>
            <requiresConfiguration>true</requiresConfiguration>
        </NameValuePairInteger>
        <NameValuePair>
            <name>AdapterConfigurations/LDAP/ServerName</name>
            <value>tgs-3uk-centos64-1.localdomain</value>
            <requiresConfiguration>true</requiresConfiguration>
        </NameValuePair>
        <NameValuePair>
            <name>SharedResources/Connections/JMS/MSF-JMS-BPM-Connection/ClientID</name>
            <value/>
            <requiresConfiguration>true</requiresConfiguration>
        </NameValuePair>
        <NameValuePairPassword>
            <name>SharedResources/Connections/JMS/MSF-JMS-INT-Connection/Password</name>
            <value>#!8dm48z9EeVT8hrf7wsSZf3BA73LHK7XLIWyEwQ0XvkM=</value>
            <requiresConfiguration>true</requiresConfiguration>
        </NameValuePairPassword>
        <NameValuePair>
            <name>SharedResources/Connections/JMS/MSF-JMS-MON-Connection/QueueConnectionFactory</name>
            <value>QueueConnectionFactory</value>
            <requiresConfiguration>true</requiresConfiguration>
        </NameValuePair>
        <NameValuePair>
            <name>SharedResources/Connections/JMS/MSF-JMS-Connection1/QueueConnectionFactory</name>
            <value>QueueConnectionFactory</value>
            <requiresConfiguration>true</requiresConfiguration>
        </NameValuePair>
        <NameValuePairPassword>
            <name>SharedResources/Connections/JMS/MSF-JMS-MON-Connection/JNDIPassword</name>
            <value>#!uKgNPZCpproexc0PFuVra2Xrix6+BJAq5uFCPrbXjCI=</value>
            <requiresConfiguration>true</requiresConfiguration>
        </NameValuePairPassword>
        <NameValuePair>
            <name>SharedResources/Connections/JMS/MSF-JMS-BPM-Connection/JNDIContextFactory</name>
            <value>com.tibco.tibjms.naming.TibjmsInitialContextFactory</value>
            <requiresConfiguration>true</requiresConfiguration>
        </NameValuePair>
        <NameValuePairPassword>
            <name>SharedResources/Connections/JMS/MSF-JMS-BPM-Connection/JNDIPassword</name>
            <value>#!F7cRIJK5N5ftmBmIEGaPnZ16eFGmhL0nRMD6Mk0VoGQ=</value>
            <requiresConfiguration>true</requiresConfiguration>
        </NameValuePairPassword>
        <NameValuePair>
            <name>SharedResources/Connections/JMS/MSF-JMS-FOM-Connection/JNDIContextURL</name>
            <value>tibjmsnaming://tgs-3uk-centos64-1:7222</value>
            <requiresConfiguration>true</requiresConfiguration>
        </NameValuePair>
        <NameValuePair>
            <name>SharedResources/Connections/JMS/MSF-JMS-MON-Connection/JNDIUserName</name>
            <value>tibco</value>
            <requiresConfiguration>true</requiresConfiguration>
        </NameValuePair>
        <NameValuePairBoolean>
            <name>SharedResources/Connections/JMS/MSF-JMS-INT-Connection/AutoGenerateClientID</name>
            <value>true</value>
            <requiresConfiguration>true</requiresConfiguration>
        </NameValuePairBoolean>
        <NameValuePair>
            <name>SharedResources/Connections/JMS/MSF-JMS-FOM-Connection/JNDIContextFactory</name>
            <value>com.tibco.tibjms.naming.TibjmsInitialContextFactory</value>
            <requiresConfiguration>true</requiresConfiguration>
        </NameValuePair>
        <NameValuePair>
            <name>SharedResources/Connections/JDBC/MSF-JDBC-Connection1/JDBCDriver</name>
            <value>oracle.jdbc.driver.OracleDriver (thin)</value>
            <requiresConfiguration>true</requiresConfiguration>
        </NameValuePair>
        <NameValuePair>
            <name>SharedResources/Connections/JMS/MSF-JMS-Connection1/TopicConnectionFactory</name>
            <value>TopicConnectionFactory</value>
            <requiresConfiguration>true</requiresConfiguration>
        </NameValuePair>
    </NameValuePairs>
    <DeploymentDescriptorFactory>
        <name>{http://www.tibco.com/xmlns/configurl}RepoConfigUrl</name>
        <deploymentDescriptorFactoryClassName>com.tibco.dd.repo.RepoConfigUrl</deploymentDescriptorFactoryClassName>
        <deploymentDescriptorXsdFileName>com/tibco/dd/repo/RepoConfigUrl.xsd</deploymentDescriptorXsdFileName>
    </DeploymentDescriptorFactory>
    <configurl:RepoConfigUrl xmlns:configurl="http://www.tibco.com/xmlns/configurl">
        <name>TIBCO Repository Server Configuration URL</name>
        <configurl:repoConfigUrl>AdapterConfigurations/LDAP/SprintLDAPAdapterConfiguration</configurl:repoConfigUrl>
        <configurl:instanceID>SprintLDAPAdapterConfiguration</configurl:instanceID>
    </configurl:RepoConfigUrl>
    <NameValuePairs>
        <name>Adapter SDK Properties</name>
        <NameValuePair>
            <name>adldap.perfMon</name>
            <value>OFF</value>
            <description>Collecting performance statistics Turning on this option enables collection various statistics at runtime for the adapter</description>
            <requiresConfiguration>false</requiresConfiguration>
        </NameValuePair>
        <NameValuePair>
            <name>adldap.traceOldMessages</name>
            <value>OFF</value>
            <description>4.x style tracing log messages Turning on this option enables 4.x style and disables 5.x style tracing of log messages.</description>
            <requiresConfiguration>false</requiresConfiguration>
        </NameValuePair>
    </NameValuePairs>
</DeploymentDescriptors>