<?xml version="1.0" encoding="UTF-8"?>
<DeploymentDescriptors xmlns="http://www.tibco.com/xmlns/dd">
    <name>MSF_Sprint_v1_ProcessArchive.par</name>
    <version>14</version>
    <owner>ankur</owner>
    <creationDate>4/14/16 5:07 PM</creationDate>
    <DeploymentDescriptorFactory>
        <name>{http://www.tibco.com/xmlns/dd}StartAsOneOf</name>
        <deploymentDescriptorFactoryClassName>com.tibco.archive.helpers.StartAsOneOf</deploymentDescriptorFactoryClassName>
    </DeploymentDescriptorFactory>
    <StartAsOneOf>
        <name>StartAsOneOf</name>
        <ComponentSoftwareReference>
            <componentSoftwareName>bwengine</componentSoftwareName>
            <minimumComponentSoftwareVersion>5.3.0.0</minimumComponentSoftwareVersion>
            <minimumTRAVersion>5.3.0.0</minimumTRAVersion>
            <configVersion>5.3.0.0</configVersion>
        </ComponentSoftwareReference>
    </StartAsOneOf>
    <DeploymentDescriptorFactory>
        <name>{http://www.tibco.com/xmlns/dd}NameValuePairs</name>
        <deploymentDescriptorFactoryClassName>com.tibco.archive.helpers.NameValuePairs</deploymentDescriptorFactoryClassName>
    </DeploymentDescriptorFactory>
    <NameValuePairs>
        <name>EXTERNAL_DEPENDENCIES</name>
        <NameValuePair>
            <name>EXTERNAL_RESOURCE_DEPENDENCY</name>
            <value>/SharedResources/Schemas/Public/Logging/LogRequest.xsd,/SharedResources/Java/CustomFunctions/Logging.javaxpath,/AESchemas/ae/adapter/ldap/openLDAP/.folder,/SharedResources/SchemaDefinitions/Resource/Common/CommonDefinitions/MSF/LocalExceptionInfo_v1.xsd,/SharedResources/XML/Common/CommonDefinitions/MSF/StandardEnumerations.xml,/UtilityProcesses/ProcessStarters/LogOnStartup.process,/AESchemas/ae/ADB/adbmetadata.aeschema,/SharedResources/Connections/JMS/MSF-JMS-INT-Connection.sharedjmscon,/SharedResources/SchemaDefinitions/CDM/Common/CommonTypes/BaseTypes_v1.xsd,/SharedResources/Schemas/Public/Exception/ExceptionRequest.xsd,/UtilityProcesses/ProcessStarters/LogOnShutdown.process,/SharedResources/Java/CustomFunctions/DateUtil.javaxpath,/SharedResources/Identities/HTTP/RegisterCustomerIdentity.id,/SharedResources/Connections/JMS/MSF-JMS-CLE-Connection.sharedjmscon,/SharedResources/SchemaDefinitions/Resource/Common/CommonDefinitions/MSF/ExceptionMessage_v1.xsd,/AESchemas/ae/ADB/SprintAdapterLDAP.aeschema,/IntegrationServices/Enterprise/EnterpriseSecurity/EnterpriseSecurityAuthentication/UpdateLDAPUser_v1/LDAPSyncUser/Starter/SyncUser.process,/SharedResources/SchemaDefinitions/Internal/Enterprise/EnterpriseSecurity/EnterpriseSecurityAuthentication/MCSprint_v1.xsd,/AESchemas/ae/adapter/ldap/openLDAP/tgs-3uk-centos64-1.localdomain/.folder,/SharedResources/SchemaDefinitions/Interface/Enterprise/EnterpriseSecurity/EnterpriseSecurityAuthentication/MCSprint_v1.xsd,/UtilityProcesses/ProcessStarters/LoggingControl.process,/SharedResources/WebServiceDefinitions/Interface/Enterprise/EnterpriseSecurity/EnterpriseSecurityAuthentication/MCSprint_v1.wsdl,/SharedResources/SchemaDefinitions/Internal/Common/CommonDefinitions/MSF/InputMessageContent_v1.xsd,/SharedResources/Java/CustomFunctions/XMLUtil.javaxpath,/SharedResources/Java/CustomFunctions/Lookup.javaxpath,/SharedResources/SchemaDefinitions/External/BW/EngineTypes.xsd,/IntegrationServices/Enterprise/EnterpriseSecurity/EnterpriseSecurityAuthentication/SprintToMCELoad_v1/SprintToMCELoad/Starter/SprintToMCELoadSimplified.process,/IntegrationServices/Enterprise/EnterpriseSecurity/EnterpriseSecurityAuthentication/MCSprint_v1/Service/MCSprint_v1.serviceagent,/SharedResources/SharedVariables/Common/CommonDefinitions/MSF/GlobalServiceContext.sharedvariable,/SharedResources/SchemaDefinitions/Resource/Common/CommonDefinitions/MSF/ExceptionInfo_v1.xsd,/SharedResources/SchemaDefinitions/Internal/Common/CommonDefinitions/MSF/ExceptionDefinition_v1.xsd,/SharedResources/JobSharedVariables/InputMessageContent.jobsharedvariable,/SharedResources/SchemaDefinitions/Internal/Common/CommonDefinitions/MSF/ProcessStats_v1.xsd,/IntegrationServices/Enterprise/EnterpriseSecurity/EnterpriseSecurityAuthentication/UpdateLDAPUser_v1/LDAPSyncRole/Starter/SyncRole.process,/AESchemas/ae/scalar/ae.aeschema,/SharedResources/SchemaDefinitions/Standard/SOAP11/soap-encoding11.xsd,/SharedResources/SchemaDefinitions/Internal/Common/CommonDefinitions/MSF/Enumerations_v1.xsd,/SharedResources/SharedVariables/Common/CommonDefinitions/MSF/StandardEnumerations.sharedvariable,/SharedResources/SchemaDefinitions/Internal/Common/CommonDefinitions/MSF/LoggingControl_v1.xsd,/SharedResources/Connections/JMS/Properties/MSF-JMS-NONSOAP-Properties.sharedjmsapp,/IntegrationServices/Enterprise/EnterpriseSecurity/EnterpriseSecurityAuthentication/SprintToMCELoad_v1/Service/SprintToMCELoad_v1.serviceagent,/SharedResources/ContextResources/InputContext.contextResource,/SharedResources/SchemaDefinitions/Resource/Common/CommonDefinitions/MSF/MessageContext_v1.xsd,/AdapterConfigurations/ADB/SprintLDAPSecurityRole.adb#adapter.SprintLDAPSecurityRole,/AESchemas/ae/ADB/scalar.aeschema,/SharedResources/XSLT/Common/CommonDefinitions/MSF/ExceptionInfoTransform.xslt,/SharedResources/SchemaDefinitions/Resource/Common/CommonDefinitions/MSF/ExceptionInfoExtended_v1.xsd,/AESchemas/ae/ldap/openLDAP/tgs-3uk-centos64-1.localdomain.aeschema,/SharedResources/JobSharedVariables/OutputMessageContext.jobsharedvariable,/LogLevelControl/Schemas/LogLevelControl.xsd,/SharedResources/SchemaDefinitions/Internal/Common/CommonDefinitions/MSF/LoggingConfig_v1.xsd,/SharedResources/Certificates/.folder,/SharedResources/Connections/JDBC/MSF-JDBC-Connection1.sharedjdbc,/SharedResources/JobSharedVariables/ProcessStatistics.jobsharedvariable,/SharedResources/WebServiceDefinitions/Interface/Enterprise/EnterpriseSecurity/EnterpriseSecurityAuthentication/Concrete/MCSprint_v1.wsdl,/SharedResources/ContextResources/OutputContext.contextResource,/AdapterConfigurations/ADB/SprintAdapterLDAP.adb#adapter.SprintAdapterLDAP,/AESchemas/ae/adapter/ldap/openLDAP/tgs-3uk-centos64-1.localdomain/native.aeschema,/SharedResources/SchemaDefinitions/Resource/Common/CommonDefinitions/MSF/ServiceContext_v1.xsd,/AESchemas/ae.aeschema,/SharedResources/SchemaDefinitions/Internal/Common/CommonDefinitions/MSF/ExceptionInfoTransform_v1.xsd,/AESchemas/ae/ADB/SprintLDAPSecurityRole.aeschema,/SharedResources/JobSharedVariables/InitialServiceContext.jobsharedvariable,/SharedResources/WebServiceDefinitions/Interface/Enterprise/EnterpriseSecurity/EnterpriseSecurityAuthentication/MCSprintToMCE_v1.wsdl,/LogLevelControl/SharedVariable/LogLevelControl.sharedvariable,/SharedResources/JobSharedVariables/InputMessageContext.jobsharedvariable,/AdapterConfigurations/LDAP/SprintLDAPAdapterConfiguration.adldap#adapter.ldap,/SharedResources/WebServiceDefinitions/External/registration-customer.wsdl,/SharedResources/Schemas/Public/Common/RequestHeader.xsd,/AESchemas/ae/adapter/ldap/openLDAP/tgs-3uk-centos64-1.localdomain/ReplySchema.aeschema,/AESchemas/ae/adapter/ldap/openLDAP/tgs-3uk-centos64-1.localdomain.aeschema,/SharedResources/SchemaDefinitions/Resource/Common/CommonDefinitions/MSF/Exception_v1.xsd</value>
            <description>External resource configuration required by the archive.</description>
            <requiresConfiguration>false</requiresConfiguration>
            <disableConfigureAtDeployment>true</disableConfigureAtDeployment>
        </NameValuePair>
    </NameValuePairs>
    <NameValuePairs>
        <name>Runtime Variables</name>
        <NameValuePair>
            <name>SharedResources/Connections/JMS/MSF-JMS-FOM-Connection/TopicConnectionFactory</name>
            <value>TopicConnectionFactory</value>
            <requiresConfiguration>true</requiresConfiguration>
        </NameValuePair>
        <NameValuePairBoolean>
            <name>MSF/Exceptions/ExceptionLogging/LogUser</name>
            <value>true</value>
            <requiresConfiguration>true</requiresConfiguration>
        </NameValuePairBoolean>
        <NameValuePairInteger>
            <name>AdapterConfigurations/LDAP/PortNumber</name>
            <value>10636</value>
            <requiresConfiguration>true</requiresConfiguration>
        </NameValuePairInteger>
        <NameValuePairPassword>
            <name>SharedResources/Connections/JMS/MSF-JMS-Connection1/Password</name>
            <value>#!5DorDVsdOiLzLG5Gp0za+3QpB1azYZzfuVYu4cqdAbU=</value>
            <requiresConfiguration>true</requiresConfiguration>
        </NameValuePairPassword>
        <NameValuePairBoolean>
            <name>SharedResources/Connections/JMS/MSF-JMS-BPM-Connection/AutoGenerateClientID</name>
            <value>true</value>
            <requiresConfiguration>true</requiresConfiguration>
        </NameValuePairBoolean>
        <NameValuePair>
            <name>SharedResources/Connections/JMS/MSF-JMS-Connection1/JNDIUserName</name>
            <value>tibco</value>
            <requiresConfiguration>true</requiresConfiguration>
        </NameValuePair>
        <NameValuePair>
            <name>SharedResources/Connections/HTTP/MSF-HTTPS-Connection1/Port</name>
            <value>6060</value>
            <requiresConfiguration>true</requiresConfiguration>
        </NameValuePair>
        <NameValuePairInteger>
            <name>IntegrationServices/Enterprise/EnterpriseSecurity/EnterpriseSecurityAuthentication/MCSprint_v1/AuthenticateThreeConnectUser/ServiceClient/Authenticate/TimeoutSec</name>
            <value>70</value>
            <requiresConfiguration>true</requiresConfiguration>
        </NameValuePairInteger>
        <NameValuePairBoolean>
            <name>SharedResources/Connections/JMS/MSF-JMS-Connection1/AutoGenerateClientID</name>
            <value>true</value>
            <requiresConfiguration>true</requiresConfiguration>
        </NameValuePairBoolean>
        <NameValuePair>
            <name>SharedResources/Connections/JMS/MSF-JMS-FOM-Connection/UserName</name>
            <value>tibco</value>
            <requiresConfiguration>true</requiresConfiguration>
        </NameValuePair>
        <NameValuePairPassword>
            <name>SharedResources/Connections/JMS/MSF-JMS-FOM-Connection/JNDIPassword</name>
            <value>#!k9FCVefifRzc94UqPjy8W9dX+ygL+ObDeYZ9JPr0GIY=</value>
            <requiresConfiguration>true</requiresConfiguration>
        </NameValuePairPassword>
        <NameValuePair>
            <name>SharedResources/Connections/JMS/MSF-JMS-INT-Connection/QueueConnectionFactory</name>
            <value>QueueConnectionFactory</value>
            <requiresConfiguration>true</requiresConfiguration>
        </NameValuePair>
        <NameValuePairBoolean>
            <name>MSF/Exceptions/ExceptionLogging/LogBusiness</name>
            <value>true</value>
            <requiresConfiguration>true</requiresConfiguration>
        </NameValuePairBoolean>
        <NameValuePair>
            <name>SharedResources/Connections/JMS/MSF-JMS-MON-Connection/UserName</name>
            <value>tibco</value>
            <requiresConfiguration>true</requiresConfiguration>
        </NameValuePair>
        <NameValuePairBoolean>
            <name>SharedResources/Connections/JMS/MSF-JMS-MON-Connection/AutoGenerateClientID</name>
            <value>true</value>
            <requiresConfiguration>true</requiresConfiguration>
        </NameValuePairBoolean>
        <NameValuePairInteger>
            <name>MSF/Logging/LogLevel</name>
            <value>4</value>
            <requiresConfiguration>true</requiresConfiguration>
        </NameValuePairInteger>
        <NameValuePairBoolean>
            <name>MSF/Exceptions/ExceptionLogging/LogToTopic/Enabled</name>
            <value>false</value>
            <requiresConfiguration>true</requiresConfiguration>
        </NameValuePairBoolean>
        <NameValuePairBoolean>
            <name>MSF/Tracing/TraceEnabled</name>
            <value>true</value>
            <requiresConfiguration>true</requiresConfiguration>
        </NameValuePairBoolean>
        <NameValuePairPassword>
            <name>SharedResources/Connections/JMS/MSF-JMS-BPM-Connection/Password</name>
            <value>#!xJtMbEaHRbWf+DwyPAck4Ts7Zoi/2IsrVlRpRVJwHG4=</value>
            <requiresConfiguration>true</requiresConfiguration>
        </NameValuePairPassword>
        <NameValuePair>
            <name>SharedResources/Connections/JMS/MSF-JMS-BPM-Connection/UserName</name>
            <value>tibco</value>
            <requiresConfiguration>true</requiresConfiguration>
        </NameValuePair>
        <NameValuePair>
            <name>SharedResources/Connections/JMS/MSF-JMS-BPM-Connection/TopicConnectionFactory</name>
            <value>TopicConnectionFactory</value>
            <requiresConfiguration>true</requiresConfiguration>
        </NameValuePair>
        <NameValuePair>
            <name>Destinations/Topics/MSF-XX/MSF/LogException_v1</name>
            <value>MSF-XX.PUB.TIB.LOGEXCEPTION.XML.V1</value>
            <requiresConfiguration>true</requiresConfiguration>
        </NameValuePair>
        <NameValuePairPassword>
            <name>SharedResources/Connections/JMS/MSF-JMS-Connection1/JNDIPassword</name>
            <value>#!ZduVNakhtX0oBBI4iqe06ZwF2dbi4+S8ju75bzEL12I=</value>
            <requiresConfiguration>true</requiresConfiguration>
        </NameValuePairPassword>
        <NameValuePair>
            <name>SharedResources/Connections/JMS/MSF-JMS-MON-Connection/TopicConnectionFactory</name>
            <value>TopicConnectionFactory</value>
            <requiresConfiguration>true</requiresConfiguration>
        </NameValuePair>
        <NameValuePair>
            <name>SharedResources/Connections/JMS/MSF-JMS-BPM-Connection/JNDIUserName</name>
            <value>tibco</value>
            <requiresConfiguration>true</requiresConfiguration>
        </NameValuePair>
        <NameValuePair>
            <name>SharedResources/Connections/JMS/MSF-JMS-Connection1/UserName</name>
            <value>tibco</value>
            <requiresConfiguration>true</requiresConfiguration>
        </NameValuePair>
        <NameValuePair>
            <name>SharedResources/Connections/JMS/MSF-JMS-MON-Connection/ClientID</name>
            <value/>
            <requiresConfiguration>true</requiresConfiguration>
        </NameValuePair>
        <NameValuePair>
            <name>SharedResources/Connections/JMS/MSF-JMS-INT-Connection/TopicConnectionFactory</name>
            <value>TopicConnectionFactory</value>
            <requiresConfiguration>true</requiresConfiguration>
        </NameValuePair>
        <NameValuePair>
            <name>SharedResources/Connections/HTTP/MSF-HTTP-Connection1/Port</name>
            <value>6060</value>
            <requiresConfiguration>true</requiresConfiguration>
        </NameValuePair>
        <NameValuePair>
            <name>SharedResources/Connections/JMS/MSF-JMS-MON-Connection/JNDIContextFactory</name>
            <value>com.tibco.tibjms.naming.TibjmsInitialContextFactory</value>
            <requiresConfiguration>true</requiresConfiguration>
        </NameValuePair>
        <NameValuePair>
            <name>SharedResources/Connections/JMS/MSF-JMS-FOM-Connection/QueueConnectionFactory</name>
            <value>QueueConnectionFactory</value>
            <requiresConfiguration>true</requiresConfiguration>
        </NameValuePair>
        <NameValuePair>
            <name>SharedResources/Connections/JMS/MSF-JMS-BPM-Connection/JNDIContextURL</name>
            <value>tibjmsnaming://tgs-3uk-centos64-1:7252</value>
            <requiresConfiguration>true</requiresConfiguration>
        </NameValuePair>
        <NameValuePair>
            <name>SharedResources/Connections/JMS/MSF-JMS-Connection1/JNDIContextFactory</name>
            <value>com.tibco.tibjms.naming.TibjmsInitialContextFactory</value>
            <requiresConfiguration>true</requiresConfiguration>
        </NameValuePair>
        <NameValuePairPassword>
            <name>SharedResources/Connections/JMS/MSF-JMS-MON-Connection/Password</name>
            <value>#!jde+HFSuULkr1PaXFF8XB95m5OT7nQ25BK9hC6Ht9Jc=</value>
            <requiresConfiguration>true</requiresConfiguration>
        </NameValuePairPassword>
        <NameValuePairBoolean>
            <name>MSF/Audit/AuditEnabled</name>
            <value>true</value>
            <requiresConfiguration>true</requiresConfiguration>
        </NameValuePairBoolean>
        <NameValuePair>
            <name>SharedResources/Connections/JMS/MSF-JMS-INT-Connection/JNDIUserName</name>
            <value>admin</value>
            <requiresConfiguration>true</requiresConfiguration>
        </NameValuePair>
        <NameValuePair>
            <name>SharedResources/Connections/JDBC/MSF-JDBC-Connection1/DBURL</name>
            <value>jdbc:oracle:thin:@127.0.0.1:10000/SPRXD03</value>
            <requiresConfiguration>true</requiresConfiguration>
        </NameValuePair>
        <NameValuePair>
            <name>SharedResources/Connections/JMS/MSF-JMS-Connection1/JNDIContextURL</name>
            <value>tibjmsnaming://tgs-3uk-centos64-1:7242</value>
            <requiresConfiguration>true</requiresConfiguration>
        </NameValuePair>
        <NameValuePairPassword>
            <name>SharedResources/Connections/JMS/MSF-JMS-INT-Connection/JNDIPassword</name>
            <value>#!caHuwsvBJGRQizyoofgGJVwd2C6wsFVqMohY5NvYh8w=</value>
            <requiresConfiguration>true</requiresConfiguration>
        </NameValuePairPassword>
        <NameValuePair>
            <name>SharedResources/Connections/JDBC/MSF-JDBC-Connection1/MaxConnections</name>
            <value>10</value>
            <requiresConfiguration>true</requiresConfiguration>
        </NameValuePair>
        <NameValuePair>
            <name>SharedResources/Connections/JMS/MSF-JMS-BPM-Connection/QueueConnectionFactory</name>
            <value>QueueConnectionFactory</value>
            <requiresConfiguration>true</requiresConfiguration>
        </NameValuePair>
        <NameValuePair>
            <name>SharedResources/Connections/JDBC/MSF-JDBC-Connection1/LoginTimeout</name>
            <value>0</value>
            <requiresConfiguration>true</requiresConfiguration>
        </NameValuePair>
        <NameValuePair>
            <name>SharedResources/Connections/JMS/MSF-JMS-Connection1/ClientID</name>
            <value/>
            <requiresConfiguration>true</requiresConfiguration>
        </NameValuePair>
        <NameValuePairBoolean>
            <name>SharedResources/Connections/JMS/MSF-JMS-FOM-Connection/AutoGenerateClientID</name>
            <value>true</value>
            <requiresConfiguration>true</requiresConfiguration>
        </NameValuePairBoolean>
        <NameValuePair>
            <name>SharedResources/Connections/JMS/MSF-JMS-FOM-Connection/ClientID</name>
            <value/>
            <requiresConfiguration>true</requiresConfiguration>
        </NameValuePair>
        <NameValuePair>
            <name>MSF/Exceptions/ExceptionLogging/ActionOnFailure</name>
            <value>CONTINUE</value>
            <requiresConfiguration>true</requiresConfiguration>
        </NameValuePair>
        <NameValuePairBoolean>
            <name>MSF/Exceptions/ExceptionLogging/LogPayload</name>
            <value>true</value>
            <requiresConfiguration>true</requiresConfiguration>
        </NameValuePairBoolean>
        <NameValuePair>
            <name>SharedResources/Connections/JMS/MSF-JMS-MON-Connection/JNDIContextURL</name>
            <value>tibjmsnaming://tgs-3uk-centos64-1:7232</value>
            <requiresConfiguration>true</requiresConfiguration>
        </NameValuePair>
        <NameValuePair>
            <name>SharedResources/Connections/HTTP/MSF-HTTP-Connection1/Host</name>
            <value>localhost</value>
            <requiresConfiguration>true</requiresConfiguration>
        </NameValuePair>
        <NameValuePairInteger>
            <name>IntegrationServices/Enterprise/EnterpriseSecurity/EnterpriseSecurityAuthentication/MCSprint_v1/AuthenticateThreeConnectUser/ServiceClient/Authenticate/JMSExpirationSec</name>
            <value>10</value>
            <requiresConfiguration>true</requiresConfiguration>
        </NameValuePairInteger>
        <NameValuePairPassword>
            <name>SharedResources/Connections/JDBC/MSF-JDBC-Connection1/Password</name>
            <value>#!svCwZfsj8fk+BppKtPZTuK5BFLuQwj+U573XniFnopA=</value>
            <requiresConfiguration>true</requiresConfiguration>
        </NameValuePairPassword>
        <NameValuePair>
            <name>SharedResources/Connections/HTTP/MSF-HTTPS-Connection1/Host</name>
            <value>localhost</value>
            <requiresConfiguration>true</requiresConfiguration>
        </NameValuePair>
        <NameValuePairInteger>
            <name>MSF/Exceptions/ExceptionLogging/LogToTopic/Retries</name>
            <value>2</value>
            <requiresConfiguration>true</requiresConfiguration>
        </NameValuePairInteger>
        <NameValuePair>
            <name>SharedResources/Connections/JMS/MSF-JMS-INT-Connection/JNDIContextFactory</name>
            <value>com.tibco.tibjms.naming.TibjmsInitialContextFactory</value>
            <requiresConfiguration>true</requiresConfiguration>
        </NameValuePair>
        <NameValuePair>
            <name>SharedResources/Connections/JMS/MSF-JMS-FOM-Connection/JNDIUserName</name>
            <value>tibco</value>
            <requiresConfiguration>true</requiresConfiguration>
        </NameValuePair>
        <NameValuePair>
            <name>SharedResources/Connections/JMS/MSF-JMS-INT-Connection/JNDIContextURL</name>
            <value>tibjmsnaming://172.26.253.207:7242</value>
            <requiresConfiguration>true</requiresConfiguration>
        </NameValuePair>
        <NameValuePairPassword>
            <name>SharedResources/Connections/JMS/MSF-JMS-FOM-Connection/Password</name>
            <value>#!M3M+4fCQoCfWn8yr8YVoGt3v19rSb6XPW+SddmEvwQk=</value>
            <requiresConfiguration>true</requiresConfiguration>
        </NameValuePairPassword>
        <NameValuePairBoolean>
            <name>MSF/Logging/LogEnabled</name>
            <value>true</value>
            <requiresConfiguration>true</requiresConfiguration>
        </NameValuePairBoolean>
        <NameValuePair>
            <name>SharedResources/Connections/JMS/MSF-JMS-INT-Connection/ClientID</name>
            <value/>
            <requiresConfiguration>true</requiresConfiguration>
        </NameValuePair>
        <NameValuePair>
            <name>SharedResources/Connections/JDBC/MSF-JDBC-Connection1/UserName</name>
            <value>sprintdev</value>
            <requiresConfiguration>true</requiresConfiguration>
        </NameValuePair>
        <NameValuePairBoolean>
            <name>MSF/Exceptions/ExceptionLogging/LogTechnical</name>
            <value>true</value>
            <requiresConfiguration>true</requiresConfiguration>
        </NameValuePairBoolean>
        <NameValuePair>
            <name>SharedResources/Connections/JMS/MSF-JMS-INT-Connection/UserName</name>
            <value>admin</value>
            <requiresConfiguration>true</requiresConfiguration>
        </NameValuePair>
        <NameValuePairInteger>
            <name>MSF/Exceptions/ExceptionLogging/LogToTopic/SleepOnRetryMillisec</name>
            <value>1000</value>
            <requiresConfiguration>true</requiresConfiguration>
        </NameValuePairInteger>
        <NameValuePair>
            <name>AdapterConfigurations/LDAP/ServerName</name>
            <value>tgs-3uk-centos64-1.localdomain</value>
            <requiresConfiguration>true</requiresConfiguration>
        </NameValuePair>
        <NameValuePair>
            <name>SharedResources/Connections/JMS/MSF-JMS-BPM-Connection/ClientID</name>
            <value/>
            <requiresConfiguration>true</requiresConfiguration>
        </NameValuePair>
        <NameValuePairPassword>
            <name>SharedResources/Connections/JMS/MSF-JMS-INT-Connection/Password</name>
            <value>#!93L9ZP+YHohraT11s+vqsssCk0VIBrEYK5nedK7ECD8=</value>
            <requiresConfiguration>true</requiresConfiguration>
        </NameValuePairPassword>
        <NameValuePair>
            <name>SharedResources/Connections/JMS/MSF-JMS-MON-Connection/QueueConnectionFactory</name>
            <value>QueueConnectionFactory</value>
            <requiresConfiguration>true</requiresConfiguration>
        </NameValuePair>
        <NameValuePair>
            <name>SharedResources/Connections/JMS/MSF-JMS-Connection1/QueueConnectionFactory</name>
            <value>QueueConnectionFactory</value>
            <requiresConfiguration>true</requiresConfiguration>
        </NameValuePair>
        <NameValuePairPassword>
            <name>SharedResources/Connections/JMS/MSF-JMS-MON-Connection/JNDIPassword</name>
            <value>#!9dRMlfYOprpm3di2iey2MoZjfOrpnQWlISavHp8Spf4=</value>
            <requiresConfiguration>true</requiresConfiguration>
        </NameValuePairPassword>
        <NameValuePair>
            <name>SharedResources/Connections/JMS/MSF-JMS-BPM-Connection/JNDIContextFactory</name>
            <value>com.tibco.tibjms.naming.TibjmsInitialContextFactory</value>
            <requiresConfiguration>true</requiresConfiguration>
        </NameValuePair>
        <NameValuePairPassword>
            <name>SharedResources/Connections/JMS/MSF-JMS-BPM-Connection/JNDIPassword</name>
            <value>#!JsPzDXFjpB+ficEY9qfVX+P77tiQGI2AVM3+5ef9m/8=</value>
            <requiresConfiguration>true</requiresConfiguration>
        </NameValuePairPassword>
        <NameValuePair>
            <name>SharedResources/Connections/JMS/MSF-JMS-FOM-Connection/JNDIContextURL</name>
            <value>tibjmsnaming://tgs-3uk-centos64-1:7222</value>
            <requiresConfiguration>true</requiresConfiguration>
        </NameValuePair>
        <NameValuePair>
            <name>SharedResources/Connections/JMS/MSF-JMS-MON-Connection/JNDIUserName</name>
            <value>tibco</value>
            <requiresConfiguration>true</requiresConfiguration>
        </NameValuePair>
        <NameValuePairBoolean>
            <name>SharedResources/Connections/JMS/MSF-JMS-INT-Connection/AutoGenerateClientID</name>
            <value>true</value>
            <requiresConfiguration>true</requiresConfiguration>
        </NameValuePairBoolean>
        <NameValuePair>
            <name>SharedResources/Connections/JMS/MSF-JMS-FOM-Connection/JNDIContextFactory</name>
            <value>com.tibco.tibjms.naming.TibjmsInitialContextFactory</value>
            <requiresConfiguration>true</requiresConfiguration>
        </NameValuePair>
        <NameValuePair>
            <name>SharedResources/Connections/JDBC/MSF-JDBC-Connection1/JDBCDriver</name>
            <value>oracle.jdbc.driver.OracleDriver (thin)</value>
            <requiresConfiguration>true</requiresConfiguration>
        </NameValuePair>
        <NameValuePair>
            <name>SharedResources/Connections/JMS/MSF-JMS-Connection1/TopicConnectionFactory</name>
            <value>TopicConnectionFactory</value>
            <requiresConfiguration>true</requiresConfiguration>
        </NameValuePair>
    </NameValuePairs>
    <DeploymentDescriptorFactory>
        <name>{http://www.tibco.com/xmlns/checkpoint}BwCheckpoint</name>
        <deploymentDescriptorFactoryClassName>com.tibco.dd.bw.BwCheckpoint</deploymentDescriptorFactoryClassName>
        <deploymentDescriptorXsdFileName>com/tibco/dd/bw/BwCheckpoint.xsd</deploymentDescriptorXsdFileName>
    </DeploymentDescriptorFactory>
    <chk:BwCheckpoint xmlns:chk="http://www.tibco.com/xmlns/checkpoint">
        <name>TIBCO BusinessWorks Checkpoint Data Repository</name>
        <chk:availableSharedResourceName>/SharedResources/Connections/JDBC/MSF-JDBC-Connection1</chk:availableSharedResourceName>
        <chk:useSharedResource>false</chk:useSharedResource>
        <!--<chk:tablePrefix>MSF_Sprint_11562909</chk:tablePrefix>-->
    </chk:BwCheckpoint>
    <DeploymentDescriptorFactory>
        <name>{http://www.tibco.com/xmlns/pdconfiguration}BwBPConfigurations</name>
        <deploymentDescriptorFactoryClassName>com.tibco.dd.bw.BwBPConfigurations</deploymentDescriptorFactoryClassName>
        <deploymentDescriptorXsdFileName>com/tibco/dd/bw/BwBPConfigurations.xsd</deploymentDescriptorXsdFileName>
    </DeploymentDescriptorFactory>
    <pd:BwBPConfigurations xmlns:pd="http://www.tibco.com/xmlns/pdconfiguration">
        <name>TIBCO BusinessWorks Process Configurations</name>
        <pd:BwBPConfiguration>
            <pd:processDefinitionName>IntegrationServices/Enterprise/EnterpriseSecurity/EnterpriseSecurityAuthentication/UpdateLDAPUser_v1/LDAPSyncRole/Starter/SyncRole.process</pd:processDefinitionName>
            <pd:isDynamicCallProcess>false</pd:isDynamicCallProcess>
            <pd:processDefinitionStarterName>SyncRole_AdapterSubscriber</pd:processDefinitionStarterName>
            <pd:enabled>true</pd:enabled>
            <pd:maxJobs>0</pd:maxJobs>
            <pd:activation>true</pd:activation>
            <!--<pd:flowLimit>0</pd:flowLimit>-->
        </pd:BwBPConfiguration>
        <pd:BwBPConfiguration>
            <pd:processDefinitionName>IntegrationServices/Enterprise/EnterpriseSecurity/EnterpriseSecurityAuthentication/MCSprint_v1/Service/MCSprint_v1.serviceagent</pd:processDefinitionName>
            <pd:isDynamicCallProcess>false</pd:isDynamicCallProcess>
            <pd:processDefinitionStarterName>MCSprint_v1</pd:processDefinitionStarterName>
            <pd:enabled>true</pd:enabled>
            <pd:maxJobs>0</pd:maxJobs>
            <pd:activation>true</pd:activation>
            <!--<pd:flowLimit>0</pd:flowLimit>-->
        </pd:BwBPConfiguration>
        <pd:BwBPConfiguration>
            <pd:processDefinitionName>UtilityProcesses/ProcessStarters/LogOnStartup.process</pd:processDefinitionName>
            <pd:isDynamicCallProcess>false</pd:isDynamicCallProcess>
            <pd:processDefinitionStarterName>onStartup</pd:processDefinitionStarterName>
            <pd:enabled>true</pd:enabled>
            <pd:maxJobs>0</pd:maxJobs>
            <pd:activation>true</pd:activation>
            <!--<pd:flowLimit>0</pd:flowLimit>-->
        </pd:BwBPConfiguration>
        <pd:BwBPConfiguration>
            <pd:processDefinitionName>UtilityProcesses/ProcessStarters/LoggingControl.process</pd:processDefinitionName>
            <pd:isDynamicCallProcess>false</pd:isDynamicCallProcess>
            <pd:processDefinitionStarterName>Log Getter-Setter Receiver</pd:processDefinitionStarterName>
            <pd:enabled>true</pd:enabled>
            <pd:maxJobs>0</pd:maxJobs>
            <pd:activation>true</pd:activation>
            <!--<pd:flowLimit>0</pd:flowLimit>-->
        </pd:BwBPConfiguration>
        <pd:BwBPConfiguration>
            <pd:processDefinitionName>UtilityProcesses/ProcessStarters/LogOnShutdown.process</pd:processDefinitionName>
            <pd:isDynamicCallProcess>false</pd:isDynamicCallProcess>
            <pd:processDefinitionStarterName>onShutdown</pd:processDefinitionStarterName>
            <pd:enabled>true</pd:enabled>
            <pd:maxJobs>0</pd:maxJobs>
            <pd:activation>true</pd:activation>
            <!--<pd:flowLimit>0</pd:flowLimit>-->
        </pd:BwBPConfiguration>
        <pd:BwBPConfiguration>
            <pd:processDefinitionName>IntegrationServices/Enterprise/EnterpriseSecurity/EnterpriseSecurityAuthentication/SprintToMCELoad_v1/SprintToMCELoad/Starter/SprintToMCELoadSimplified.process</pd:processDefinitionName>
            <pd:isDynamicCallProcess>false</pd:isDynamicCallProcess>
            <pd:processDefinitionStarterName>JMSInitialLoadReceiver</pd:processDefinitionStarterName>
            <pd:enabled>true</pd:enabled>
            <pd:maxJobs>0</pd:maxJobs>
            <pd:activation>true</pd:activation>
            <!--<pd:flowLimit>0</pd:flowLimit>-->
        </pd:BwBPConfiguration>
        <pd:BwBPConfiguration>
            <pd:processDefinitionName>IntegrationServices/Enterprise/EnterpriseSecurity/EnterpriseSecurityAuthentication/SprintToMCELoad_v1/Service/SprintToMCELoad_v1.serviceagent</pd:processDefinitionName>
            <pd:isDynamicCallProcess>false</pd:isDynamicCallProcess>
            <pd:processDefinitionStarterName>SprintToMCELoad_v1</pd:processDefinitionStarterName>
            <pd:enabled>true</pd:enabled>
            <pd:maxJobs>0</pd:maxJobs>
            <pd:activation>true</pd:activation>
            <!--<pd:flowLimit>0</pd:flowLimit>-->
        </pd:BwBPConfiguration>
        <pd:BwBPConfiguration>
            <pd:processDefinitionName>IntegrationServices/Enterprise/EnterpriseSecurity/EnterpriseSecurityAuthentication/UpdateLDAPUser_v1/LDAPSyncUser/Starter/SyncUser.process</pd:processDefinitionName>
            <pd:isDynamicCallProcess>false</pd:isDynamicCallProcess>
            <pd:processDefinitionStarterName>SyncUser_AdapterSubscriber</pd:processDefinitionStarterName>
            <pd:enabled>true</pd:enabled>
            <pd:maxJobs>0</pd:maxJobs>
            <pd:activation>true</pd:activation>
            <!--<pd:flowLimit>0</pd:flowLimit>-->
        </pd:BwBPConfiguration>
    </pd:BwBPConfigurations>
    <DeploymentDescriptorFactory>
        <name>{http://www.tibco.com/xmlns/dd}SupportsFaultTolerance</name>
        <deploymentDescriptorFactoryClassName>com.tibco.archive.helpers.SupportsFaultTolerance</deploymentDescriptorFactoryClassName>
    </DeploymentDescriptorFactory>
    <SupportsFaultTolerance>
        <name>SupportsFaultTolerance</name>
    </SupportsFaultTolerance>
    <NameValuePairs>
        <name>Adapter SDK Properties</name>
        <NameValuePair>
            <name>Trace.Task.*</name>
            <value>false</value>
            <description>Activity Trace Controls activity invocation trace</description>
            <requiresConfiguration>false</requiresConfiguration>
        </NameValuePair>
        <NameValuePair>
            <name>EnableMemorySavingMode</name>
            <value>false</value>
            <description>Memory Saving Mode controls process variable memory saving mode</description>
            <requiresConfiguration>false</requiresConfiguration>
        </NameValuePair>
        <NameValuePair>
            <name>bw.engine.enableJobRecovery</name>
            <value>false</value>
            <description>maintain checkpoints for failed processes enables the preservation of checkpoints for process instances that end with a fault</description>
            <requiresConfiguration>false</requiresConfiguration>
        </NameValuePair>
        <NameValuePair>
            <name>bw.engine.autoCheckpointRestart</name>
            <value>true</value>
            <description>auto checkpoint restart controls automatic restarting of checkpoints when engine first starts up</description>
            <requiresConfiguration>false</requiresConfiguration>
        </NameValuePair>
        <NameValuePair>
            <name>bw.engine.jobstats.enable</name>
            <value>false</value>
            <description>maintain job history file controls maintence of job history csv file</description>
            <requiresConfiguration>false</requiresConfiguration>
        </NameValuePair>
        <NameValuePair>
            <name>log.file.encoding</name>
            <value/>
            <description>set log file encoding controls log file encoding</description>
            <requiresConfiguration>false</requiresConfiguration>
        </NameValuePair>
        <NameValuePair>
            <name>bw.engine.emaEnabled</name>
            <value>false</value>
            <description>Enables Enterprise Management Advisor Interface Enables Enterprise Management Advisor driven process control based on resource state</description>
            <requiresConfiguration>false</requiresConfiguration>
        </NameValuePair>
        <NameValuePair>
            <name>bw.container.service</name>
            <value/>
            <description>BW Service Container Enables BW engine to be hosted within a container</description>
            <requiresConfiguration>false</requiresConfiguration>
        </NameValuePair>
        <NameValuePair>
            <name>bw.container.service.rmi.port</name>
            <value>9995</value>
            <description>BW Service Container RMI Port Enables Container Communication Port</description>
            <requiresConfiguration>false</requiresConfiguration>
        </NameValuePair>
        <NameValuePair>
            <name>bw.platform.services.retreiveresources.Enabled</name>
            <value>false</value>
            <description>Built-in Resource Provider Activation Enables Built in Resource Provider</description>
            <requiresConfiguration>false</requiresConfiguration>
        </NameValuePair>
        <NameValuePair>
            <name>bw.platform.services.retreiveresources.Hostname</name>
            <value>localhost</value>
            <description>Built-in Resource Provider Host Sets Built-in Resource Provider Host Name</description>
            <requiresConfiguration>false</requiresConfiguration>
        </NameValuePair>
        <NameValuePair>
            <name>bw.platform.services.retreiveresources.Httpport</name>
            <value>8010</value>
            <description>Built-in Resource Provider Http Port Sets Built-in Resource Provider Http Port Number</description>
            <requiresConfiguration>false</requiresConfiguration>
        </NameValuePair>
        <NameValuePair>
            <name>bw.platform.services.retreiveresources.defaultEncoding</name>
            <value>ISO8859_1</value>
            <description>Built-in Resource Provider Default Encoding Sets Built-in Resource Provider defaultEncoding</description>
            <requiresConfiguration>false</requiresConfiguration>
        </NameValuePair>
        <NameValuePair>
            <name>bw.platform.services.retreiveresources.enableLookups</name>
            <value>false</value>
            <description>Built-in Resource Provider DNS Lookups Enables Built-in Resource Provider DNS Lookups</description>
            <requiresConfiguration>false</requiresConfiguration>
        </NameValuePair>
        <NameValuePair>
            <name>bw.platform.services.retreiveresources.isSecure</name>
            <value>false</value>
            <description>Built-in Resource Provider Secure Socket Layer(SSL) support Enables Built-in Resource Provider Secure Socket Layer(SSL) support</description>
            <requiresConfiguration>false</requiresConfiguration>
        </NameValuePair>
        <NameValuePair>
            <name>bw.platform.services.retreiveresources.identity</name>
            <value>/Identity_HTTPConnection.id</value>
            <description>Built-in Resource Provider Identity  Sets Built-in Resource Provider Identity if Secure Socket Layer(SSL) support is enabled</description>
            <requiresConfiguration>false</requiresConfiguration>
        </NameValuePair>
        <NameValuePair>
            <name>bw.log4j.configuration</name>
            <value/>
            <description>Log4j Configuration File Log4j Configuration file path</description>
            <requiresConfiguration>false</requiresConfiguration>
        </NameValuePair>
    </NameValuePairs>
</DeploymentDescriptors>