<?xml version="1.0" encoding="UTF-8"?>
<DeploymentDescriptors xmlns="http://www.tibco.com/xmlns/dd">
    <name>PeopleSoftADBRoleUserPublisher1.aar</name>
    <version>19</version>
    <owner>nkumari</owner>
    <creationDate>4/14/16 5:02 PM</creationDate>
    <DeploymentDescriptorFactory>
        <name>{http://www.tibco.com/xmlns/dd}StartAsOneOf</name>
        <deploymentDescriptorFactoryClassName>com.tibco.archive.helpers.StartAsOneOf</deploymentDescriptorFactoryClassName>
    </DeploymentDescriptorFactory>
    <StartAsOneOf>
        <name>StartAsOneOf</name>
        <ComponentSoftwareReference>
            <componentSoftwareName>adb</componentSoftwareName>
            <minimumComponentSoftwareVersion>7.1.0.0</minimumComponentSoftwareVersion>
            <minimumTRAVersion>5.1.0.0</minimumTRAVersion>
            <configVersion>7.1.0.0</configVersion>
            <keyword>Adapter</keyword>
        </ComponentSoftwareReference>
    </StartAsOneOf>
    <DeploymentDescriptorFactory>
        <name>{http://www.tibco.com/xmlns/dd}NameValuePairs</name>
        <deploymentDescriptorFactoryClassName>com.tibco.archive.helpers.NameValuePairs</deploymentDescriptorFactoryClassName>
    </DeploymentDescriptorFactory>
    <NameValuePairs>
        <name>EXTERNAL_DEPENDENCIES</name>
        <NameValuePair>
            <name>EXTERNAL_RESOURCE_DEPENDENCY</name>
            <value>/AdapterConfigurations/ADB/PeopleSoftADBRoleUserPublisher1.adb#adapter.PeopleSoftADBRoleUserPublisher1,/AESchemas/ae/ADB/scalar.aeschema,/AESchemas/ae/ADB/PeopleSoftADBRoleUserPublisher1.aeschema,/AESchemas/ae/ADB/adbmetadata.aeschema,/AESchemas/ae.aeschema</value>
            <description>External resource configuration required by the archive.</description>
            <requiresConfiguration>false</requiresConfiguration>
            <disableConfigureAtDeployment>true</disableConfigureAtDeployment>
        </NameValuePair>
    </NameValuePairs>
    <NameValuePairs>
        <name>Runtime Variables</name>
        <NameValuePairPassword>
            <name>SharedResources/Connections/JMS/MSF-JMS-MON-Connection/JNDIPassword</name>
            <value>#!oYEAubH2Mu8P674jFytlTMYWorjb6GOBO4XPOMHhIF8=</value>
            <requiresConfiguration>true</requiresConfiguration>
        </NameValuePairPassword>
        <NameValuePair>
            <name>SharedResources/Connections/JMS/MSF-JMS-INT-Connection/ClientID</name>
            <value/>
            <requiresConfiguration>true</requiresConfiguration>
        </NameValuePair>
        <NameValuePair>
            <name>SharedResources/Connections/JDBC/MSF-JDBC-Connection1/DBURL</name>
            <value>jdbc:oracle:thin:@10.97.119.20:1521:orcl</value>
            <requiresConfiguration>true</requiresConfiguration>
        </NameValuePair>
        <NameValuePairBoolean>
            <name>MSF/Tracing/TraceEnabled</name>
            <value>true</value>
            <requiresConfiguration>true</requiresConfiguration>
        </NameValuePairBoolean>
        <NameValuePairPassword>
            <name>SharedResources/Connections/JDBC/MSF-JDBC-Connection1/Password</name>
            <value>#!0J5Y2fgWRUlQZN+QPvjbMjwNUpxkDpfYP55gV7N2urE=</value>
            <requiresConfiguration>true</requiresConfiguration>
        </NameValuePairPassword>
        <NameValuePairInteger>
            <name>IntegrationServices/Customer/CustomerAccount/CustomerAccountManagement/MCPeopleSoft_v1/ServiceClient/SendRetries</name>
            <value>1</value>
            <requiresConfiguration>true</requiresConfiguration>
        </NameValuePairInteger>
        <NameValuePair>
            <name>SharedResources/Connections/JMS/MSF-JMS-Connection1/QueueConnectionFactory</name>
            <value>QueueConnectionFactory</value>
            <requiresConfiguration>true</requiresConfiguration>
        </NameValuePair>
        <NameValuePairPassword>
            <name>SharedResources/Connections/JMS/MSF-JMS-INT-Connection/Password</name>
            <value>#!+l7azoVsOObnyYDtwxqjbfWCZrTTqy5lGZy4odYk0oo=</value>
            <requiresConfiguration>true</requiresConfiguration>
        </NameValuePairPassword>
        <NameValuePair>
            <name>SharedResources/Connections/HTTP/MSF-HTTPS-Connection1/Port</name>
            <value>6060</value>
            <requiresConfiguration>true</requiresConfiguration>
        </NameValuePair>
        <NameValuePair>
            <name>SharedResources/Connections/JMS/MSF-JMS-BPM-Connection/JNDIContextURL</name>
            <value>tibjmsnaming://tgs-3uk-centos64-1:7252</value>
            <requiresConfiguration>true</requiresConfiguration>
        </NameValuePair>
        <NameValuePairBoolean>
            <name>SharedResources/Connections/JMS/MSF-JMS-FOM-Connection/AutoGenerateClientID</name>
            <value>true</value>
            <requiresConfiguration>true</requiresConfiguration>
        </NameValuePairBoolean>
        <NameValuePairInteger>
            <name>IntegrationServices/Customer/CustomerAccount/CustomerAccountManagement/MCPeopleSoft_v1/ServiceClient/RetryIntervalSec</name>
            <value>5</value>
            <requiresConfiguration>true</requiresConfiguration>
        </NameValuePairInteger>
        <NameValuePair>
            <name>SharedResources/Connections/JMS/MSF-JMS-BPM-Connection/QueueConnectionFactory</name>
            <value>QueueConnectionFactory</value>
            <requiresConfiguration>true</requiresConfiguration>
        </NameValuePair>
        <NameValuePairPassword>
            <name>SharedResources/Connections/JMS/MSF-JMS-MON-Connection/Password</name>
            <value>#!WP63ej21fsztZb4V9VNQhdFzuZw4pIuVnlkSAdUYvC8=</value>
            <requiresConfiguration>true</requiresConfiguration>
        </NameValuePairPassword>
        <NameValuePair>
            <name>SharedResources/Connections/JDBC/MSF-JDBC-Connection1/LoginTimeout</name>
            <value>0</value>
            <requiresConfiguration>true</requiresConfiguration>
        </NameValuePair>
        <NameValuePairBoolean>
            <name>MSF/Logging/LogEnabled</name>
            <value>true</value>
            <requiresConfiguration>true</requiresConfiguration>
        </NameValuePairBoolean>
        <NameValuePair>
            <name>SharedResources/Connections/HTTP/MSF-HTTPS-Connection1/Host</name>
            <value>localhost</value>
            <requiresConfiguration>true</requiresConfiguration>
        </NameValuePair>
        <NameValuePair>
            <name>SharedResources/Connections/JMS/MSF-JMS-BPM-Connection/JNDIUserName</name>
            <value>tibco</value>
            <requiresConfiguration>true</requiresConfiguration>
        </NameValuePair>
        <NameValuePair>
            <name>Destinations/Topics/MSF-XX/MSF/LogException_v1</name>
            <value>MSF-XX.PUB.TIB.LOGEXCEPTION.XML.V1</value>
            <requiresConfiguration>true</requiresConfiguration>
        </NameValuePair>
        <NameValuePairPassword>
            <name>SharedResources/Connections/JMS/MSF-JMS-FOM-Connection/Password</name>
            <value>#!3PD+4fsifN+PjCF5KEywqFZka2t+Pg+xfAsFv/bzHVM=</value>
            <requiresConfiguration>true</requiresConfiguration>
        </NameValuePairPassword>
        <NameValuePairPassword>
            <name>SharedResources/Connections/JMS/MSF-JMS-INT-Connection/JNDIPassword</name>
            <value>#!anpPrV3xdPun0/ZFqj2aVBgMHinNwkH/F/WxRR0eFhc=</value>
            <requiresConfiguration>true</requiresConfiguration>
        </NameValuePairPassword>
        <NameValuePair>
            <name>SharedResources/Connections/JMS/MSF-JMS-MON-Connection/UserName</name>
            <value>tibco</value>
            <requiresConfiguration>true</requiresConfiguration>
        </NameValuePair>
        <NameValuePair>
            <name>SharedResources/Connections/JMS/MSF-JMS-INT-Connection/JNDIContextFactory</name>
            <value>com.tibco.tibjms.naming.TibjmsInitialContextFactory</value>
            <requiresConfiguration>true</requiresConfiguration>
        </NameValuePair>
        <NameValuePair>
            <name>SharedResources/Connections/HTTP/MSF-HTTP-Connection1/Port</name>
            <value>6060</value>
            <requiresConfiguration>true</requiresConfiguration>
        </NameValuePair>
        <NameValuePair>
            <name>SharedResources/Connections/JMS/MSF-JMS-Connection1/TopicConnectionFactory</name>
            <value>TopicConnectionFactory</value>
            <requiresConfiguration>true</requiresConfiguration>
        </NameValuePair>
        <NameValuePair>
            <name>SharedResources/Connections/JMS/MSF-JMS-MON-Connection/QueueConnectionFactory</name>
            <value>QueueConnectionFactory</value>
            <requiresConfiguration>true</requiresConfiguration>
        </NameValuePair>
        <NameValuePairBoolean>
            <name>MSF/Exceptions/ExceptionLogging/LogBusiness</name>
            <value>true</value>
            <requiresConfiguration>true</requiresConfiguration>
        </NameValuePairBoolean>
        <NameValuePairBoolean>
            <name>SharedResources/Connections/JMS/MSF-JMS-MON-Connection/AutoGenerateClientID</name>
            <value>true</value>
            <requiresConfiguration>true</requiresConfiguration>
        </NameValuePairBoolean>
        <NameValuePair>
            <name>SharedResources/Connections/JMS/MSF-JMS-BPM-Connection/ClientID</name>
            <value/>
            <requiresConfiguration>true</requiresConfiguration>
        </NameValuePair>
        <NameValuePairInteger>
            <name>AdapterConfigurations/LDAP/PortNumber</name>
            <value>10636</value>
            <requiresConfiguration>true</requiresConfiguration>
        </NameValuePairInteger>
        <NameValuePair>
            <name>SharedResources/Connections/JDBC/MSF-JDBC-Connection1/UserName</name>
            <value>psuser</value>
            <requiresConfiguration>true</requiresConfiguration>
        </NameValuePair>
        <NameValuePair>
            <name>AdapterConfigurations/LDAP/ServerName</name>
            <value>tgs-3uk-centos64-1.localdomain</value>
            <requiresConfiguration>true</requiresConfiguration>
        </NameValuePair>
        <NameValuePairBoolean>
            <name>SharedResources/Connections/JMS/MSF-JMS-BPM-Connection/AutoGenerateClientID</name>
            <value>true</value>
            <requiresConfiguration>true</requiresConfiguration>
        </NameValuePairBoolean>
        <NameValuePair>
            <name>SharedResources/Connections/JMS/MSF-JMS-INT-Connection/UserName</name>
            <value>admin</value>
            <requiresConfiguration>true</requiresConfiguration>
        </NameValuePair>
        <NameValuePairBoolean>
            <name>MSF/Exceptions/ExceptionLogging/LogToTopic/Enabled</name>
            <value>false</value>
            <requiresConfiguration>true</requiresConfiguration>
        </NameValuePairBoolean>
        <NameValuePairBoolean>
            <name>MSF/Audit/AuditEnabled</name>
            <value>true</value>
            <requiresConfiguration>true</requiresConfiguration>
        </NameValuePairBoolean>
        <NameValuePair>
            <name>SharedResources/Connections/JMS/MSF-JMS-Connection1/JNDIContextFactory</name>
            <value>com.tibco.tibjms.naming.TibjmsInitialContextFactory</value>
            <requiresConfiguration>true</requiresConfiguration>
        </NameValuePair>
        <NameValuePair>
            <name>SharedResources/Connections/JMS/MSF-JMS-INT-Connection/TopicConnectionFactory</name>
            <value>TopicConnectionFactory</value>
            <requiresConfiguration>true</requiresConfiguration>
        </NameValuePair>
        <NameValuePair>
            <name>SharedResources/Connections/JMS/MSF-JMS-BPM-Connection/UserName</name>
            <value>tibco</value>
            <requiresConfiguration>true</requiresConfiguration>
        </NameValuePair>
        <NameValuePair>
            <name>SharedResources/Connections/JMS/MSF-JMS-FOM-Connection/TopicConnectionFactory</name>
            <value>TopicConnectionFactory</value>
            <requiresConfiguration>true</requiresConfiguration>
        </NameValuePair>
        <NameValuePair>
            <name>SharedResources/Connections/JMS/MSF-JMS-Connection1/ClientID</name>
            <value/>
            <requiresConfiguration>true</requiresConfiguration>
        </NameValuePair>
        <NameValuePair>
            <name>SharedResources/Connections/JMS/MSF-JMS-BPM-Connection/JNDIContextFactory</name>
            <value>com.tibco.tibjms.naming.TibjmsInitialContextFactory</value>
            <requiresConfiguration>true</requiresConfiguration>
        </NameValuePair>
        <NameValuePair>
            <name>MSF/Exceptions/ExceptionLogging/ActionOnFailure</name>
            <value>CONTINUE</value>
            <requiresConfiguration>true</requiresConfiguration>
        </NameValuePair>
        <NameValuePair>
            <name>SharedResources/Connections/JMS/MSF-JMS-MON-Connection/JNDIContextURL</name>
            <value>tibjmsnaming://tgs-3uk-centos64-1:7232</value>
            <requiresConfiguration>true</requiresConfiguration>
        </NameValuePair>
        <NameValuePairBoolean>
            <name>SharedResources/Connections/JMS/MSF-JMS-Connection1/AutoGenerateClientID</name>
            <value>true</value>
            <requiresConfiguration>true</requiresConfiguration>
        </NameValuePairBoolean>
        <NameValuePairPassword>
            <name>SharedResources/Connections/JMS/MSF-JMS-BPM-Connection/Password</name>
            <value>#!3oI5oADldpvkj6l368Wdzx2AKYoshNDOqK3N6cgGleA=</value>
            <requiresConfiguration>true</requiresConfiguration>
        </NameValuePairPassword>
        <NameValuePairBoolean>
            <name>MSF/Exceptions/ExceptionLogging/LogTechnical</name>
            <value>true</value>
            <requiresConfiguration>true</requiresConfiguration>
        </NameValuePairBoolean>
        <NameValuePair>
            <name>SharedResources/Connections/HTTP/MSF-HTTP-Connection1/Host</name>
            <value>localhost</value>
            <requiresConfiguration>true</requiresConfiguration>
        </NameValuePair>
        <NameValuePairBoolean>
            <name>MSF/Exceptions/ExceptionLogging/LogUser</name>
            <value>true</value>
            <requiresConfiguration>true</requiresConfiguration>
        </NameValuePairBoolean>
        <NameValuePair>
            <name>SharedResources/Connections/JMS/MSF-JMS-Connection1/JNDIContextURL</name>
            <value>tibjmsnaming://tgs-3uk-centos64-1:7242</value>
            <requiresConfiguration>true</requiresConfiguration>
        </NameValuePair>
        <NameValuePair>
            <name>SharedResources/Connections/JMS/MSF-JMS-INT-Connection/JNDIUserName</name>
            <value>admin</value>
            <requiresConfiguration>true</requiresConfiguration>
        </NameValuePair>
        <NameValuePair>
            <name>SharedResources/Connections/JMS/MSF-JMS-BPM-Connection/TopicConnectionFactory</name>
            <value>TopicConnectionFactory</value>
            <requiresConfiguration>true</requiresConfiguration>
        </NameValuePair>
        <NameValuePairBoolean>
            <name>SharedResources/Connections/JMS/MSF-JMS-INT-Connection/AutoGenerateClientID</name>
            <value>true</value>
            <requiresConfiguration>true</requiresConfiguration>
        </NameValuePairBoolean>
        <NameValuePairPassword>
            <name>SharedResources/Connections/JMS/MSF-JMS-FOM-Connection/JNDIPassword</name>
            <value>#!IniC8UdSN6aimcoDoXDQqf7gaCTzKsSxcJpmAHBE8I4=</value>
            <requiresConfiguration>true</requiresConfiguration>
        </NameValuePairPassword>
        <NameValuePairPassword>
            <name>SharedResources/Connections/JMS/MSF-JMS-Connection1/JNDIPassword</name>
            <value>#!PI6wwu5SON0iMLXPBfS2/6y2HvSteC/Yohryxuy6SSc=</value>
            <requiresConfiguration>true</requiresConfiguration>
        </NameValuePairPassword>
        <NameValuePairPassword>
            <name>SharedResources/Connections/JMS/MSF-JMS-Connection1/Password</name>
            <value>#!CDCoMZGfyNHdYEBrhY4fDrSQqBlHjPSVVgEe0jdon4A=</value>
            <requiresConfiguration>true</requiresConfiguration>
        </NameValuePairPassword>
        <NameValuePairInteger>
            <name>MSF/Logging/LogLevel</name>
            <value>4</value>
            <requiresConfiguration>true</requiresConfiguration>
        </NameValuePairInteger>
        <NameValuePairInteger>
            <name>IntegrationServices/Customer/CustomerAccount/CustomerAccountManagement/MCPeopleSoft_v1/ServiceClient/TimeoutSec</name>
            <value>70</value>
            <requiresConfiguration>true</requiresConfiguration>
        </NameValuePairInteger>
        <NameValuePair>
            <name>SharedResources/Connections/JMS/MSF-JMS-FOM-Connection/QueueConnectionFactory</name>
            <value>QueueConnectionFactory</value>
            <requiresConfiguration>true</requiresConfiguration>
        </NameValuePair>
        <NameValuePair>
            <name>SharedResources/Connections/JMS/MSF-JMS-FOM-Connection/JNDIContextURL</name>
            <value>tibjmsnaming://tgs-3uk-centos64-1:7222</value>
            <requiresConfiguration>true</requiresConfiguration>
        </NameValuePair>
        <NameValuePair>
            <name>SharedResources/Connections/JMS/MSF-JMS-INT-Connection/JNDIContextURL</name>
            <value>tibjmsnaming://172.26.253.207:7242</value>
            <requiresConfiguration>true</requiresConfiguration>
        </NameValuePair>
        <NameValuePair>
            <name>SharedResources/Connections/JMS/MSF-JMS-FOM-Connection/JNDIUserName</name>
            <value>tibco</value>
            <requiresConfiguration>true</requiresConfiguration>
        </NameValuePair>
        <NameValuePair>
            <name>SharedResources/Connections/JMS/MSF-JMS-MON-Connection/ClientID</name>
            <value/>
            <requiresConfiguration>true</requiresConfiguration>
        </NameValuePair>
        <NameValuePair>
            <name>SharedResources/Connections/JMS/MSF-JMS-Connection1/UserName</name>
            <value>tibco</value>
            <requiresConfiguration>true</requiresConfiguration>
        </NameValuePair>
        <NameValuePairInteger>
            <name>IntegrationServices/Customer/CustomerAccount/CustomerAccountManagement/MCPeopleSoft_v1/ServiceClient/JMSExpirationSec</name>
            <value>10</value>
            <requiresConfiguration>true</requiresConfiguration>
        </NameValuePairInteger>
        <NameValuePairInteger>
            <name>MSF/Exceptions/ExceptionLogging/LogToTopic/Retries</name>
            <value>2</value>
            <requiresConfiguration>true</requiresConfiguration>
        </NameValuePairInteger>
        <NameValuePairBoolean>
            <name>MSF/Exceptions/ExceptionLogging/LogPayload</name>
            <value>true</value>
            <requiresConfiguration>true</requiresConfiguration>
        </NameValuePairBoolean>
        <NameValuePair>
            <name>SharedResources/Connections/JMS/MSF-JMS-MON-Connection/JNDIContextFactory</name>
            <value>com.tibco.tibjms.naming.TibjmsInitialContextFactory</value>
            <requiresConfiguration>true</requiresConfiguration>
        </NameValuePair>
        <NameValuePair>
            <name>SharedResources/Connections/JMS/MSF-JMS-INT-Connection/QueueConnectionFactory</name>
            <value>QueueConnectionFactory</value>
            <requiresConfiguration>true</requiresConfiguration>
        </NameValuePair>
        <NameValuePair>
            <name>SharedResources/Connections/JMS/MSF-JMS-FOM-Connection/ClientID</name>
            <value/>
            <requiresConfiguration>true</requiresConfiguration>
        </NameValuePair>
        <NameValuePair>
            <name>SharedResources/Connections/JDBC/MSF-JDBC-Connection1/MaxConnections</name>
            <value>10</value>
            <requiresConfiguration>true</requiresConfiguration>
        </NameValuePair>
        <NameValuePair>
            <name>SharedResources/Connections/JMS/MSF-JMS-MON-Connection/JNDIUserName</name>
            <value>tibco</value>
            <requiresConfiguration>true</requiresConfiguration>
        </NameValuePair>
        <NameValuePair>
            <name>SharedResources/Connections/JMS/MSF-JMS-FOM-Connection/UserName</name>
            <value>tibco</value>
            <requiresConfiguration>true</requiresConfiguration>
        </NameValuePair>
        <NameValuePairPassword>
            <name>SharedResources/Connections/JMS/MSF-JMS-BPM-Connection/JNDIPassword</name>
            <value>#!bIuqglTgdlBfmwOE0NF6G0zWf1TpqJL5ZXbEbh+QxdM=</value>
            <requiresConfiguration>true</requiresConfiguration>
        </NameValuePairPassword>
        <NameValuePair>
            <name>SharedResources/Connections/JMS/MSF-JMS-Connection1/JNDIUserName</name>
            <value>tibco</value>
            <requiresConfiguration>true</requiresConfiguration>
        </NameValuePair>
        <NameValuePairInteger>
            <name>MSF/Exceptions/ExceptionLogging/LogToTopic/SleepOnRetryMillisec</name>
            <value>1000</value>
            <requiresConfiguration>true</requiresConfiguration>
        </NameValuePairInteger>
        <NameValuePair>
            <name>SharedResources/Connections/JDBC/MSF-JDBC-Connection1/JDBCDriver</name>
            <value>oracle.jdbc.driver.OracleDriver (thin)</value>
            <requiresConfiguration>true</requiresConfiguration>
        </NameValuePair>
        <NameValuePair>
            <name>SharedResources/Connections/JMS/MSF-JMS-MON-Connection/TopicConnectionFactory</name>
            <value>TopicConnectionFactory</value>
            <requiresConfiguration>true</requiresConfiguration>
        </NameValuePair>
        <NameValuePair>
            <name>SharedResources/Connections/JMS/MSF-JMS-FOM-Connection/JNDIContextFactory</name>
            <value>com.tibco.tibjms.naming.TibjmsInitialContextFactory</value>
            <requiresConfiguration>true</requiresConfiguration>
        </NameValuePair>
    </NameValuePairs>
    <DeploymentDescriptorFactory>
        <name>{http://www.tibco.com/xmlns/configurl}RepoConfigUrl</name>
        <deploymentDescriptorFactoryClassName>com.tibco.dd.repo.RepoConfigUrl</deploymentDescriptorFactoryClassName>
        <deploymentDescriptorXsdFileName>com/tibco/dd/repo/RepoConfigUrl.xsd</deploymentDescriptorXsdFileName>
    </DeploymentDescriptorFactory>
    <configurl:RepoConfigUrl xmlns:configurl="http://www.tibco.com/xmlns/configurl">
        <name>TIBCO Repository Server Configuration URL</name>
        <configurl:repoConfigUrl>AdapterConfigurations/ADB/PeopleSoftADBRoleUserPublisher1</configurl:repoConfigUrl>
        <configurl:instanceID>PeopleSoftADBRoleUserPublisher1</configurl:instanceID>
    </configurl:RepoConfigUrl>
    <NameValuePairs>
        <name>Adapter SDK Properties</name>
        <NameValuePair>
            <name>adb.url</name>
            <value/>
            <description>Url The Url configured for the adapter at runtime.</description>
            <requiresConfiguration>false</requiresConfiguration>
        </NameValuePair>
        <NameValuePair>
            <name>adb.user</name>
            <value/>
            <description>User The Username configured for the adapter at runtime.</description>
            <requiresConfiguration>false</requiresConfiguration>
        </NameValuePair>
        <NameValuePairPassword>
            <name>adb.password</name>
            <value>#!/RfKk2Cf7O3B9SA+jfATaw==</value>
            <description>Password The password configured for the adapter at runtime.</description>
            <requiresConfiguration>false</requiresConfiguration>
        </NameValuePairPassword>
        <NameValuePair>
            <name>adb.runtime.schema</name>
            <value/>
            <description>Runtime Schema The database objects' schema configured for the adapter at runtime.</description>
            <requiresConfiguration>false</requiresConfiguration>
        </NameValuePair>
        <NameValuePair>
            <name>adb.runtime.publisherSchema</name>
            <value/>
            <description>Runtime Publisher Table Schema The publisher table's schema configured for the adapter at runtime.</description>
            <requiresConfiguration>false</requiresConfiguration>
        </NameValuePair>
        <NameValuePair>
            <name>adb.originalSchema</name>
            <value/>
            <description>Database Schema Defined at design time The database schema desinged for the adapter at design time.</description>
            <requiresConfiguration>false</requiresConfiguration>
        </NameValuePair>
        <NameValuePair>
            <name>adb.debug</name>
            <value>2</value>
            <description>Debug Level The level of debugging information. Specify a number from 0-3.</description>
            <requiresConfiguration>false</requiresConfiguration>
        </NameValuePair>
        <NameValuePair>
            <name>adb.verbose</name>
            <value>on</value>
            <description>Verbose Flag To set verbose trace at runtime.</description>
            <requiresConfiguration>false</requiresConfiguration>
        </NameValuePair>
        <NameValuePair>
            <name>adb.payloadOnError</name>
            <value>off</value>
            <description>Payload on Error To set payload information sent to ErrorRole at runtime.</description>
            <requiresConfiguration>false</requiresConfiguration>
        </NameValuePair>
        <NameValuePair>
            <name>adb.publishChildData</name>
            <value/>
            <description>Publish Child Data Enables publishing of child table rows related to the source table.</description>
            <requiresConfiguration>false</requiresConfiguration>
        </NameValuePair>
        <NameValuePair>
            <name>adb.batchPubStatusUpdates</name>
            <value/>
            <description>Batch Update Publishing Table Status Optimizes publishing performance by batching message status updates to the publishing table.</description>
            <requiresConfiguration>false</requiresConfiguration>
        </NameValuePair>
        <NameValuePair>
            <name>adb.pubBatchConfirmSize</name>
            <value/>
            <description>Publisher Batch Confirm Size Optimizes performance by batching message status advisories to the publishing table for publications that use certified message delivery.</description>
            <requiresConfiguration>false</requiresConfiguration>
        </NameValuePair>
        <NameValuePair>
            <name>adb.perf</name>
            <value/>
            <description>Performance Monitor The performance report would be printed after process the number of message</description>
            <requiresConfiguration>false</requiresConfiguration>
        </NameValuePair>
        <NameValuePair>
            <name>adb.pubBatchConfirmTimeout</name>
            <value/>
            <description>Publisher Batch Confirm Timeout For publications that use certified message delivery, an update to the status column is performed when the timeout occurs even if the batch size value is not reached.</description>
            <requiresConfiguration>false</requiresConfiguration>
        </NameValuePair>
        <NameValuePair>
            <name>adb.useExceptTable</name>
            <value>on</value>
            <description>Use Exception Table Enables the use of the exception table.</description>
            <requiresConfiguration>false</requiresConfiguration>
        </NameValuePair>
        <NameValuePair>
            <name>adb.rvMaxQueueSize</name>
            <value/>
            <description>RV Maximum Queue Size Maximum number of messages to allow in the TIBCO Rendezvous event queue.</description>
            <requiresConfiguration>false</requiresConfiguration>
        </NameValuePair>
        <NameValuePair>
            <name>adb.subBatchCommitSize</name>
            <value/>
            <description>Subscriber Batch Commit Size The number of messages to batch before invoking a commit operation.</description>
            <requiresConfiguration>false</requiresConfiguration>
        </NameValuePair>
        <NameValuePair>
            <name>adb.subBatchCommitTimeout</name>
            <value/>
            <description>Subscriber Batch Commit Timeout The amount of time that can expire after which a batch commit operation is invoked.</description>
            <requiresConfiguration>false</requiresConfiguration>
        </NameValuePair>
        <NameValuePair>
            <name>adb.subBulkInsertSize</name>
            <value/>
            <description>Subscriber Bulk Insert Size All incoming messages to insert are stored until this size is reached. Then a bulk insert operation is performed on the destination table.</description>
            <requiresConfiguration>false</requiresConfiguration>
        </NameValuePair>
        <NameValuePair>
            <name>adb.perfMon</name>
            <value>off</value>
            <description>Performance Monitoring Hawk Methods Enables performance monitoring hawk methods.</description>
            <requiresConfiguration>false</requiresConfiguration>
        </NameValuePair>
        <NameValuePair>
            <name>adb.maxLongLen</name>
            <value>-1</value>
            <description>maxLongLen maximum size of handle data. default value is -1, not check data length. </description>
            <requiresConfiguration>false</requiresConfiguration>
        </NameValuePair>
        <NameValuePair>
            <name>adb.PollingInterval</name>
            <value/>
            <description>Polling Interval Specifies polling period used by the publisher.</description>
            <requiresConfiguration>false</requiresConfiguration>
        </NameValuePair>
        <NameValuePair>
            <name>adb.PollingBatchSize</name>
            <value/>
            <description>Polling Batch Size Indicates the number of parent rows to fetch for a poll interval.</description>
            <requiresConfiguration>false</requiresConfiguration>
        </NameValuePair>
        <NameValuePair>
            <name>adb.SleepBetweenRetries</name>
            <value>10000</value>
            <description>Interval Between Reconnect Attempts Seconds of sleep between two reconnection attempts.</description>
            <requiresConfiguration>false</requiresConfiguration>
        </NameValuePair>
        <NameValuePair>
            <name>adb.RetryTotal</name>
            <value>3</value>
            <description>Maximum Number of Reconnect Attempts Total number of reconnection attempts.</description>
            <requiresConfiguration>false</requiresConfiguration>
        </NameValuePair>
        <NameValuePair>
            <name>adb.addCustomHawkMethodsToClassMAgent</name>
            <value>on</value>
            <description>Add Custom Adapter Methods to Class Microagent Indicates whether general and specific ADB methods should be added to the class microagent.</description>
            <requiresConfiguration>false</requiresConfiguration>
        </NameValuePair>
        <NameValuePair>
            <name>adb.groupSize</name>
            <value/>
            <description>Publisher Group Size Set the group size for batch publishing</description>
            <requiresConfiguration>false</requiresConfiguration>
        </NameValuePair>
        <NameValuePair>
            <name>adb.pubAutoN</name>
            <value/>
            <description>Publisher change status automatically ADB publisher change status from F to N, then republic the message</description>
            <requiresConfiguration>false</requiresConfiguration>
        </NameValuePair>
        <NameValuePair>
            <name>adb.pollingCommitForDB2</name>
            <value/>
            <description>do commit after each polling on db2 set the publisher to do a commit after each select on db2 database</description>
            <requiresConfiguration>false</requiresConfiguration>
        </NameValuePair>
        <NameValuePair>
            <name>adb.requestResponseThreads</name>
            <value/>
            <description>Request Response Thread Count Set the request response thread count</description>
            <requiresConfiguration>false</requiresConfiguration>
        </NameValuePair>
        <NameValuePair>
            <name>adb.terminateOnPubFail</name>
            <value>off</value>
            <description>Terminate on Publishing failure Teriminate the agent if publishing fails</description>
            <requiresConfiguration>false</requiresConfiguration>
        </NameValuePair>
        <NameValuePair>
            <name>adb.rvAdvisoryNoLog</name>
            <value>off</value>
            <description>RV Advisory Messages No Log Do not log RV advisory messages to application log</description>
            <requiresConfiguration>false</requiresConfiguration>
        </NameValuePair>
        <NameValuePair>
            <name>adb.setClientInfo</name>
            <value>on</value>
            <description>Set Client Info invoking dbms_application_info.set_client_info for Oracle database only</description>
            <requiresConfiguration>false</requiresConfiguration>
        </NameValuePair>
        <NameValuePair>
            <name>adb.jmsBytesMsg</name>
            <value>off</value>
            <description>jmsBytesMsg set whether use jms Bytes send message</description>
            <requiresConfiguration>false</requiresConfiguration>
        </NameValuePair>
        <NameValuePair>
            <name>adb.customScaleForNumberType</name>
            <value/>
            <description>CustomScaleForNumberType Set default scale for Oracle Number datatype</description>
            <requiresConfiguration>false</requiresConfiguration>
        </NameValuePair>
        <NameValuePair>
            <name>adb.as400.defaultLibrary</name>
            <value/>
            <description>as400DefaultLibrary The default DB2 iSeries library to be accessed</description>
            <requiresConfiguration>false</requiresConfiguration>
        </NameValuePair>
        <NameValuePair>
            <name>adb.as400.library</name>
            <value/>
            <description>as400RuntimeLibrary The default DB2 iSeries runtime library to be accessed</description>
            <requiresConfiguration>false</requiresConfiguration>
        </NameValuePair>
        <NameValuePair>
            <name>adb.setEmptyStringNullForRvMsg</name>
            <value>off</value>
            <description>Set empty string to NULL for RV Message specifies whether the RVMSG fields of an empty string are treated as NULL or ""(empty string)</description>
            <requiresConfiguration>false</requiresConfiguration>
        </NameValuePair>
        <NameValuePair>
            <name>adb.stmtCache</name>
            <value>1</value>
            <description/>
            <requiresConfiguration>false</requiresConfiguration>
        </NameValuePair>
        <NameValuePair>
            <name>adb.disableTerminationSubject</name>
            <value/>
            <description/>
            <requiresConfiguration>false</requiresConfiguration>
        </NameValuePair>
        <NameValuePair>
            <name>adb.requestResponseMaxRows</name>
            <value/>
            <description/>
            <requiresConfiguration>false</requiresConfiguration>
        </NameValuePair>
        <NameValuePair>
            <name>adb.noDupDetection</name>
            <value>off</value>
            <description/>
            <requiresConfiguration>false</requiresConfiguration>
        </NameValuePair>
        <NameValuePair>
            <name>adb.setEmptyStringToDefault</name>
            <value>on</value>
            <description/>
            <requiresConfiguration>false</requiresConfiguration>
        </NameValuePair>
        <NameValuePair>
            <name>adb.useBetweenClause</name>
            <value>on</value>
            <description>Enable using between clause  use 'between' clause to fetch data from publish table when batch polling is enabled</description>
            <requiresConfiguration>false</requiresConfiguration>
        </NameValuePair>
        <NameValuePair>
            <name>adb.jmscompress</name>
            <value>off</value>
            <description>Enable Jms compress for publication service Publication service compress JMS Message before publishing it out</description>
            <requiresConfiguration>false</requiresConfiguration>
        </NameValuePair>
        <NameValuePair>
            <name>adb.taskBackLogLimitInBytes</name>
            <value>0</value>
            <description>RVCMQ session backlog limit size in bytes set TaskBackLogLimitInBytes to RVCMQSession to limit the task byte size in scheduler task queue</description>
            <requiresConfiguration>false</requiresConfiguration>
        </NameValuePair>
        <NameValuePair>
            <name>adb.taskBackLogLimitInMessages</name>
            <value>0</value>
            <description>RVCMQ session backlog limit size in messages set TaskBackLogLimitInMessages to RVCMQSession to limit the task message size in scheduler task queue</description>
            <requiresConfiguration>false</requiresConfiguration>
        </NameValuePair>
        <NameValuePair>
            <name>adb.pubTimestampFormatAsISO8601</name>
            <value>on</value>
            <description>Publisher timestamp format as ISO 8601 The publisher send date time string format, default value is on, format string is ISO 8601.</description>
            <requiresConfiguration>false</requiresConfiguration>
        </NameValuePair>
        <NameValuePair>
            <name>adb.datePattern</name>
            <value>yyyy-MM-dd</value>
            <description>date pattern date pattern for java.text.SimpleDateFormat, such as yyyy-MM-dd</description>
            <requiresConfiguration>false</requiresConfiguration>
        </NameValuePair>
        <NameValuePair>
            <name>adb.timePattern</name>
            <value>HH:mm:s</value>
            <description>time pattern time pattern  for java.text.SimpleDateFormat, such as HH:mm:s</description>
            <requiresConfiguration>false</requiresConfiguration>
        </NameValuePair>
        <NameValuePair>
            <name>adb.timestampPattern</name>
            <value>yyyy-MM-dd HH:mm:ss.S</value>
            <description>timestamp pattern timestamp pattern  for java.text.SimpleDateFormat, such as yyyy-MM-dd HH:mm:ss.S</description>
            <requiresConfiguration>false</requiresConfiguration>
        </NameValuePair>
        <NameValuePair>
            <name>adb.connDBRefresh</name>
            <value>off</value>
            <description>connDBRefresh time to recycle connection</description>
            <requiresConfiguration>false</requiresConfiguration>
        </NameValuePair>
        <NameValuePair>
            <name>adb.connDBRefreshInterval</name>
            <value>300</value>
            <description>connDBRefreshInterval Interval Between recycle connection</description>
            <requiresConfiguration>false</requiresConfiguration>
        </NameValuePair>
        <NameValuePair>
            <name>tibco.sdk.faultTolerance.ems.enabled</name>
            <value>OFF</value>
            <description>Specifies whether FT basing on EMS is enabled Specifies whether FT basing on EMS is enabled</description>
            <requiresConfiguration>false</requiresConfiguration>
        </NameValuePair>
        <NameValuePair>
            <name>tibco.sdk.faultTolerance.ems.queueName</name>
            <value/>
            <description>Specifies the queue name that stores the token Specifies the queue name that stores the token in the EMS Server</description>
            <requiresConfiguration>false</requiresConfiguration>
        </NameValuePair>
        <NameValuePair>
            <name>tibco.sdk.faultTolerance.ems.sessionName</name>
            <value/>
            <description>Specifies the session name for fault tolerance Specifies the session name that will be used by SDK for fault tolerance</description>
            <requiresConfiguration>false</requiresConfiguration>
        </NameValuePair>
        <NameValuePair>
            <name>tibco.sdk.faultTolerance.ems.providerUrl</name>
            <value/>
            <description>Specifies the EMS provider URL Specifies the EMS provider URL</description>
            <requiresConfiguration>false</requiresConfiguration>
        </NameValuePair>
        <NameValuePair>
            <name>tibco.sdk.faultTolerance.ems.session.factoryName</name>
            <value/>
            <description>Specifies the factory name for fault tolerance Specifies the factory name will be used when SDK create the JMS connection</description>
            <requiresConfiguration>false</requiresConfiguration>
        </NameValuePair>
        <NameValuePair>
            <name>tibco.sdk.faultTolerance.ems.userName</name>
            <value/>
            <description>Specifies the user name for the EMS connection Specifies the user name for the EMS connection</description>
            <requiresConfiguration>false</requiresConfiguration>
        </NameValuePair>
        <NameValuePairPassword>
            <name>tibco.sdk.faultTolerance.ems.password</name>
            <value>#!+MgXKliXYlQ1AAeLLY3s5g==</value>
            <description>Specifies the password for the EMS connection Specifies the password for the EMS connection</description>
            <requiresConfiguration>false</requiresConfiguration>
        </NameValuePairPassword>
        <NameValuePair>
            <name>tibco.sdk.faultTolerance.ems.ackTokenOnStop</name>
            <value>OFF</value>
            <description>Specified whether the primary instance acknowledges its token Specified whether the primary instance acknowledges its token when it is stopped normally</description>
            <requiresConfiguration>false</requiresConfiguration>
        </NameValuePair>
        <NameValuePair>
            <name>tibco.sdk.faultTolerance.ems.isUsingJNDI</name>
            <value>OFF</value>
            <description>Specifies whether the JNDI is used Specifies whether the JNDI is used</description>
            <requiresConfiguration>false</requiresConfiguration>
        </NameValuePair>
        <NameValuePair>
            <name>tibco.sdk.faultTolerance.ems.jndi.providerContextFactory</name>
            <value/>
            <description>Specifies the JNDI context factory Specifies the JNDI context factory</description>
            <requiresConfiguration>false</requiresConfiguration>
        </NameValuePair>
        <NameValuePair>
            <name>tibco.sdk.faultTolerance.ems.jndi.userName</name>
            <value/>
            <description>Specifies the user name for the JNDI connection Specifies the user name for the JNDI connection</description>
            <requiresConfiguration>false</requiresConfiguration>
        </NameValuePair>
        <NameValuePairPassword>
            <name>tibco.sdk.faultTolerance.ems.jndi.password</name>
            <value>#!+Wts3igs38R/XzIPO8pMdQ==</value>
            <description>Specifies the password for the JNDI connection Specifies the password for the JNDI connection</description>
            <requiresConfiguration>false</requiresConfiguration>
        </NameValuePairPassword>
        <NameValuePair>
            <name>tibco.sdk.faultTolerance.ems.isUsingSSL</name>
            <value>OFF</value>
            <description>Specifies whether the JNDI connection is over SSL Specifies whether the JNDI connection is over SSL</description>
            <requiresConfiguration>false</requiresConfiguration>
        </NameValuePair>
        <NameValuePair>
            <name>tibco.sdk.faultTolerance.ems.ssl.enableTrace</name>
            <value>OFF</value>
            <description>Specifies whether the SSL enable the tracing of the loaded certificates Specifies whether the SSL enable the tracing of the loaded certificates</description>
            <requiresConfiguration>false</requiresConfiguration>
        </NameValuePair>
        <NameValuePair>
            <name>tibco.sdk.faultTolerance.ems.ssl.enableDebugTrace</name>
            <value>OFF</value>
            <description>Specifies whether the SSL enable the more detailed SSL tracing Specifies whether the SSL enable the more detailed SSL tracing</description>
            <requiresConfiguration>false</requiresConfiguration>
        </NameValuePair>
        <NameValuePair>
            <name>tibco.sdk.faultTolerance.ems.ssl.enableVerifyHostName</name>
            <value>OFF</value>
            <description>Specifies whether the SSL client should verify the name Specifies whether the SSL client should verify the name in the Server's certificate</description>
            <requiresConfiguration>false</requiresConfiguration>
        </NameValuePair>
        <NameValuePair>
            <name>tibco.sdk.faultTolerance.ems.ssl.enableVerifyHost</name>
            <value>OFF</value>
            <description>Specifies whether the SSL client should verify the Server's certificate Specifies whether the SSL client should verify the Server's certificate</description>
            <requiresConfiguration>false</requiresConfiguration>
        </NameValuePair>
        <NameValuePair>
            <name>tibco.sdk.faultTolerance.ems.ssl.expectedHostName</name>
            <value/>
            <description>Specifies the name in the Server certificate Specifies the name in the Server certificate</description>
            <requiresConfiguration>false</requiresConfiguration>
        </NameValuePair>
        <NameValuePair>
            <name>tibco.sdk.faultTolerance.ems.ssl.isStrongCipherSuites</name>
            <value>OFF</value>
            <description>Specifies whether only the strong cipher suites are allowed Specifies whether only the strong cipher suites are allowed</description>
            <requiresConfiguration>false</requiresConfiguration>
        </NameValuePair>
        <NameValuePair>
            <name>tibco.sdk.faultTolerance.ems.ssl.trustedDir</name>
            <value/>
            <description>Specifies the folder that stores the required certificates Specifies the folder that stores the required certificates</description>
            <requiresConfiguration>false</requiresConfiguration>
        </NameValuePair>
        <NameValuePair>
            <name>tibco.sdk.faultTolerance.ems.ssl.identity</name>
            <value/>
            <description>Specifies the path of the client identity Specifies the path of the client identity</description>
            <requiresConfiguration>false</requiresConfiguration>
        </NameValuePair>
        <NameValuePairPassword>
            <name>tibco.sdk.faultTolerance.ems.ssl.password</name>
            <value>#!0VHpq5vOvDx8H9GUEWxpBA==</value>
            <description>Specifies the password of the client identity Specifies the password of the client identity</description>
            <requiresConfiguration>false</requiresConfiguration>
        </NameValuePairPassword>
        <NameValuePair>
            <name>tibco.sdk.session.jmsCompressed</name>
            <value/>
            <description>jms_compressed sessions Specifies the list of JMS sessions' names. All the JMS endpoints using the JMS sessions specified in the "tibco.sdk.session.jmsCompressed" property will send out compressed JMS messages onto EMS Server. Multiple session names are separated by a vertical bar (|).</description>
            <requiresConfiguration>false</requiresConfiguration>
        </NameValuePair>
        <NameValuePair>
            <name>tibco.sdk.endpoint.jmsCompressed</name>
            <value/>
            <description>jms_compressed endpoints Specifies the list of JMS endpoints' names. All the JMS endpoints (Publisher, Client and Server) specified in the "tibco.sdk.session.jmsCompressed" property will send out compressed JMS messages onto EMS Server. Multiple endpoint names separated by a vertical bar (|).</description>
            <requiresConfiguration>false</requiresConfiguration>
        </NameValuePair>
    </NameValuePairs>
</DeploymentDescriptors>