<?xml version="1.0" encoding="UTF-8"?>
<DeploymentDescriptors xmlns="http://www.tibco.com/xmlns/dd">
    <name>CCS.par</name>
    <version>8</version>
    <owner>rbadgaiy</owner>
    <creationDate>6/28/16 5:55 AM</creationDate>
    <DeploymentDescriptorFactory>
        <name>{http://www.tibco.com/xmlns/dd}StartAsOneOf</name>
        <deploymentDescriptorFactoryClassName>com.tibco.archive.helpers.StartAsOneOf</deploymentDescriptorFactoryClassName>
    </DeploymentDescriptorFactory>
    <StartAsOneOf>
        <name>StartAsOneOf</name>
        <ComponentSoftwareReference>
            <componentSoftwareName>bwengine</componentSoftwareName>
            <minimumComponentSoftwareVersion>5.3.0.0</minimumComponentSoftwareVersion>
            <minimumTRAVersion>5.3.0.0</minimumTRAVersion>
            <configVersion>5.3.0.0</configVersion>
        </ComponentSoftwareReference>
    </StartAsOneOf>
    <DeploymentDescriptorFactory>
        <name>{http://www.tibco.com/xmlns/dd}NameValuePairs</name>
        <deploymentDescriptorFactoryClassName>com.tibco.archive.helpers.NameValuePairs</deploymentDescriptorFactoryClassName>
    </DeploymentDescriptorFactory>
    <NameValuePairs>
        <name>EXTERNAL_DEPENDENCIES</name>
        <NameValuePair>
            <name>EXTERNAL_RESOURCE_DEPENDENCY</name>
            <value>/IntegrationServices/Product/ProductSpecification/ProductSpecificationManagement/MCFCManagement_v1/AddProduct/Starter/RequestPoller.process,/SharedResources/Connections/JDBC/MSF-JDBC-FOM-Connection.sharedjdbc,/SharedResources/Schemas/Public/Logging/LogRequest.xsd,/SharedResources/Java/CustomFunctions/Logging.javaxpath,/SharedResources/SchemaDefinitions/Resource/Common/CommonDefinitions/MSF/LocalExceptionInfo_v1.xsd,/SharedResources/XML/Common/CommonDefinitions/MSF/StandardEnumerations.xml,/UtilityProcesses/ProcessStarters/LogOnStartup.process,/IntegrationServices/Product/ProductSpecification/ProductSpecificationManagement/MCFCManagement_v1/LoadProductModel/Starter/ScheduledTrigger.process,/SharedResources/Connections/JMS/MSF-JMS-INT-Connection.sharedjmscon,/SharedResources/Schemas/Public/Exception/ExceptionRequest.xsd,/SharedResources/SchemaDefinitions/CDM/Common/CommonTypes/BaseTypes_v1.xsd,/UtilityProcesses/ProcessStarters/LogOnShutdown.process,/SharedResources/Java/CustomFunctions/DateUtil.javaxpath,/SharedResources/SchemaDefinitions/Internal/Product/ProductSpecification/ProductSpecificationManagement/ProductIdReferences.xsd,/SharedResources/SchemaDefinitions/Resource/Common/CommonDefinitions/MSF/ExceptionMessage_v1.xsd,/SharedResources/SchemaDefinitions/CDM/Common/CommonDefinitions/Discount_v1.xsd,/SharedResources/Connections/JMS/MSF-JMS-CLE-Connection.sharedjmscon,/IntegrationServices/Product/ProductSpecification/ProductSpecificationManagement/MCFCManagement_v1/Service/MCFCManagement_v1.serviceagent,/IntegrationServices/Product/ProductSpecification/ProductSpecificationManagement/MCFCManagement_v1/GetProducts/Sub/Product ID Cache.sharedvariable,/UtilityProcesses/ProcessStarters/LoggingControl.process,/SharedResources/SchemaDefinitions/CDM/Common/CommonDefinitions/UDF_v1.xsd,/SharedResources/SchemaDefinitions/Internal/Common/CommonDefinitions/MSF/InputMessageContent_v1.xsd,/SharedResources/Java/CustomFunctions/XMLUtil.javaxpath,/IntegrationServices/Product/ProductSpecification/ProductSpecificationManagement/MCFCManagement_v1/LoadProductModel/Starter/FilePollerTrigger.process,/SharedResources/Java/CustomFunctions/Lookup.javaxpath,/SharedResources/SchemaDefinitions/External/BW/EngineTypes.xsd,/SharedResources/SchemaDefinitions/Resource/FC/Workitem_Action.xsd,/SharedResources/SharedVariables/Product/ProductSpecification/ProductSpecificationManagement/Product Id References.jobsharedvariable,/IntegrationServices/Product/ProductSpecification/ProductSpecificationManagement/MCFCManagement_v1/LoadProductModel/Starter/JMSTrigger.process,/SharedResources/WebServiceDefinitions/External/Cim_Services.wsdl,/SharedResources/SharedVariables/Common/CommonDefinitions/MSF/GlobalServiceContext.sharedvariable,/SharedResources/SchemaDefinitions/Resource/Common/CommonDefinitions/MSF/ExceptionInfo_v1.xsd,/SharedResources/SchemaDefinitions/Internal/Common/CommonDefinitions/MSF/ExceptionDefinition_v1.xsd,/SharedResources/JobSharedVariables/InputMessageContent.jobsharedvariable,/SharedResources/SchemaDefinitions/Internal/Common/CommonDefinitions/MSF/ProcessStats_v1.xsd,/SharedResources/SchemaDefinitions/Internal/Common/CommonDefinitions/MSF/Enumerations_v1.xsd,/SharedResources/SharedVariables/Common/CommonDefinitions/MSF/StandardEnumerations.sharedvariable,/SharedResources/SchemaDefinitions/Internal/Common/CommonDefinitions/MSF/LoggingControl_v1.xsd,/SharedResources/SchemaDefinitions/CDM/Common/CommonEnumerations/Types_v1.xsd,/SharedResources/Connections/JMS/Properties/MSF-JMS-NONSOAP-Properties.sharedjmsapp,/SharedResources/SchemaDefinitions/Internal/Product/ProductSpecification/ProductSpecificationManagement/ObjectReferenceLookup.xsd,/SharedResources/ContextResources/InputContext.contextResource,/SharedResources/SchemaDefinitions/Resource/FC/Cim_Services.wsdl,/SharedResources/SchemaDefinitions/Resource/Common/CommonDefinitions/MSF/MessageContext_v1.xsd,/SharedResources/SchemaDefinitions/External/CCS/CentralCatalogueServices.xsd,/SharedResources/XSLT/Common/CommonDefinitions/MSF/ExceptionInfoTransform.xslt,/SharedResources/SchemaDefinitions/Resource/Common/CommonDefinitions/MSF/ExceptionInfoExtended_v1.xsd,/SharedResources/JobSharedVariables/OutputMessageContext.jobsharedvariable,/LogLevelControl/Schemas/LogLevelControl.xsd,/SharedResources/Connections/JMS/MSF-JMS-LOADPRODUCT-Properties.sharedjmsapp,/SharedResources/SchemaDefinitions/CDM/Product/ProductUsage/ProductUsageManagement/ProductUsage_v1.xsd,/SharedResources/SchemaDefinitions/Internal/Common/CommonDefinitions/MSF/LoggingConfig_v1.xsd,/SharedResources/SchemaDefinitions/CDM/Product/ProductSpecification/ProductSpecificationManagement/ProductPriceSpecification_v1.xsd,/SharedResources/JobSharedVariables/ProcessStatistics.jobsharedvariable,/SharedResources/Connections/JDBC/MSF-JDBC-Connection1.sharedjdbc,/SharedResources/ContextResources/OutputContext.contextResource,/SharedResources/SchemaDefinitions/Resource/Common/CommonDefinitions/MSF/ServiceContext_v1.xsd,/SharedResources/SchemaDefinitions/Internal/Common/CommonDefinitions/MSF/ExceptionInfoTransform_v1.xsd,/SharedResources/JobSharedVariables/InitialServiceContext.jobsharedvariable,/SharedResources/WebServiceDefinitions/Interface/Product/ProductSpecification/ProductSpecificationManagement/MCFCManagement_v1.wsdl,/SharedResources/SchemaDefinitions/Resource/FC/Common.xsd,/SharedResources/SchemaDefinitions/Resource/FC/Payload.xsd,/SharedResources/SchemaDefinitions/CDM/Common/CommonEnumerations/Organisation_v1.xsd,/SharedResources/SchemaDefinitions/Internal/Common/CommonDefinitions/MSF/ServiceInstanceContext_v1.xsd,/SharedResources/SchemaDefinitions/CDM/Common/CommonEnumerations/DateFrequency_v1.xsd,/LogLevelControl/SharedVariable/LogLevelControl.sharedvariable,/SharedResources/JobSharedVariables/InputMessageContext.jobsharedvariable,/SharedResources/SchemaDefinitions/CDM/Common/CommonEnumerations/Status_v1.xsd,/SharedResources/SchemaDefinitions/CDM/Product/ProductTypes/ProductBaseTypes_v1.xsd,/SharedResources/Connections/JDBC/MSF-JDBC-CLE-Connection.sharedjdbc,/SharedResources/SchemaDefinitions/CDM/Product/ProductSpecification/ProductSpecificationManagement/ProductAllowance_v1.xsd,/SharedResources/Schemas/Public/Common/RequestHeader.xsd,/SharedResources/SharedVariables/Product/ProductSpecification/ProductSpecificationManagement/Object Lookup Reference.sharedvariable,/SharedResources/XML/Internal/Internal/Product/ProductSpecification/ProductSpecificationManagement/objectReferenceLookup.xml,/SharedResources/SchemaDefinitions/Resource/FC/MasterCatalogRecord_Action.xsd,/SharedResources/SchemaDefinitions/CDM/Product/ProductSpecification/ProductSpecificationManagement/ProductSpecification_v1.xsd,/SharedResources/SchemaDefinitions/Interface/Product/ProductSpecification/ProductSpecificationManagement/MCFCManagement_v1.xsd,/SharedResources/SchemaDefinitions/Resource/Common/CommonDefinitions/MSF/Exception_v1.xsd</value>
            <description>External resource configuration required by the archive.</description>
            <requiresConfiguration>false</requiresConfiguration>
            <disableConfigureAtDeployment>true</disableConfigureAtDeployment>
        </NameValuePair>
    </NameValuePairs>
    <NameValuePairs>
        <name>Runtime Variables</name>
        <NameValuePairPassword>
            <name>SharedResources/Connections/JMS/MSF-JMS-INT-Connection/Password</name>
            <value>#!NxHTOZdvrhT/NInIdfpp3TChPGxBdhfkWnFzV9L+kHA=</value>
            <requiresConfiguration>true</requiresConfiguration>
        </NameValuePairPassword>
        <NameValuePair>
            <name>SharedResources/Connections/JDBC/MSF-JDBC-CLE-Connection/JDBCDriver</name>
            <value>oracle.jdbc.driver.OracleDriver (thin)</value>
            <requiresConfiguration>true</requiresConfiguration>
        </NameValuePair>
        <NameValuePair>
            <name>SharedResources/Connections/JMS/MSF-JMS-BPM-Connection/QueueConnectionFactory</name>
            <value>QueueConnectionFactory</value>
            <requiresConfiguration>true</requiresConfiguration>
        </NameValuePair>
        <NameValuePair>
            <name>SharedResources/Connections/JMS/MSF-JMS-MON-Connection/QueueConnectionFactory</name>
            <value>QueueConnectionFactory</value>
            <requiresConfiguration>true</requiresConfiguration>
        </NameValuePair>
        <NameValuePair>
            <name>SharedResources/Connections/JMS/MSF-JMS-FOM-Connection/TopicConnectionFactory</name>
            <value>TopicConnectionFactory</value>
            <requiresConfiguration>true</requiresConfiguration>
        </NameValuePair>
        <NameValuePair>
            <name>SharedResources/Connections/JMS/MSF-JMS-INT-Connection/ClientID</name>
            <value/>
            <requiresConfiguration>true</requiresConfiguration>
        </NameValuePair>
        <NameValuePairBoolean>
            <name>MSF/Exceptions/ExceptionLogging/LogPayload</name>
            <value>true</value>
            <requiresConfiguration>true</requiresConfiguration>
        </NameValuePairBoolean>
        <NameValuePairInteger>
            <name>MSF/Exceptions/ExceptionLogging/LogToTopic/Retries</name>
            <value>2</value>
            <requiresConfiguration>true</requiresConfiguration>
        </NameValuePairInteger>
        <NameValuePair>
            <name>SharedResources/Connections/JDBC/MSF-JDBC-FOM-Connection/LoginTimeout</name>
            <value>0</value>
            <requiresConfiguration>true</requiresConfiguration>
        </NameValuePair>
        <NameValuePairPassword>
            <name>SharedResources/Connections/JMS/MSF-JMS-MON-Connection/JNDIPassword</name>
            <value>#!0ytjqdGxzin6WkkjF8wPB7YAOAkktXP52hjFrkvdaUs=</value>
            <requiresConfiguration>true</requiresConfiguration>
        </NameValuePairPassword>
        <NameValuePairPassword>
            <name>SharedResources/Connections/JMS/MSF-JMS-Connection1/Password</name>
            <value>#!0R/Ds8t4QOWnVP+98ijpVkaxUasPLgbsf0x2icFHDhg=</value>
            <requiresConfiguration>true</requiresConfiguration>
        </NameValuePairPassword>
        <NameValuePairBoolean>
            <name>MSF/Logging/LogEnabled</name>
            <value>true</value>
            <requiresConfiguration>true</requiresConfiguration>
        </NameValuePairBoolean>
        <NameValuePair>
            <name>SharedResources/Connections/JMS/MSF-JMS-INT-Connection/JNDIContextURL</name>
            <value>tibjmsnaming://tgs-3uk-centos64-1:7242</value>
            <requiresConfiguration>true</requiresConfiguration>
        </NameValuePair>
        <NameValuePair>
            <name>SharedResources/Connections/JMS/MSF-JMS-BPM-Connection/ClientID</name>
            <value/>
            <requiresConfiguration>true</requiresConfiguration>
        </NameValuePair>
        <NameValuePair>
            <name>SharedResources/Connections/JMS/MSF-JMS-FOM-Connection/JNDIContextURL</name>
            <value>tibjmsnaming://tgs-3uk-centos64-1:7222</value>
            <requiresConfiguration>true</requiresConfiguration>
        </NameValuePair>
        <NameValuePair>
            <name>SharedResources/Connections/JMS/MSF-JMS-FOM-Connection/UserName</name>
            <value>tibco</value>
            <requiresConfiguration>true</requiresConfiguration>
        </NameValuePair>
        <NameValuePairInteger>
            <name>MSF/Exceptions/ExceptionLogging/LogToTopic/SleepOnRetryMillisec</name>
            <value>1000</value>
            <requiresConfiguration>true</requiresConfiguration>
        </NameValuePairInteger>
        <NameValuePairBoolean>
            <name>SharedResources/Connections/JMS/MSF-JMS-FOM-Connection/AutoGenerateClientID</name>
            <value>true</value>
            <requiresConfiguration>true</requiresConfiguration>
        </NameValuePairBoolean>
        <NameValuePairBoolean>
            <name>SharedResources/Connections/JMS/MSF-JMS-INT-Connection/AutoGenerateClientID</name>
            <value>true</value>
            <requiresConfiguration>true</requiresConfiguration>
        </NameValuePairBoolean>
        <NameValuePair>
            <name>SharedResources/Connections/HTTP/MSF-HTTP-Connection1/Port</name>
            <value>6060</value>
            <requiresConfiguration>true</requiresConfiguration>
        </NameValuePair>
        <NameValuePair>
            <name>SharedResources/Connections/JMS/MSF-JMS-FOM-Connection/JNDIUserName</name>
            <value>tibco</value>
            <requiresConfiguration>true</requiresConfiguration>
        </NameValuePair>
        <NameValuePair>
            <name>SharedResources/Connections/JDBC/MSF-JDBC-CLE-Connection/LoginTimeout</name>
            <value>0</value>
            <requiresConfiguration>true</requiresConfiguration>
        </NameValuePair>
        <NameValuePairBoolean>
            <name>SharedResources/Connections/JMS/MSF-JMS-MON-Connection/AutoGenerateClientID</name>
            <value>true</value>
            <requiresConfiguration>true</requiresConfiguration>
        </NameValuePairBoolean>
        <NameValuePairPassword>
            <name>SharedResources/Connections/JDBC/MSF-JDBC-Connection1/Password</name>
            <value>#!VX/RP1j2B5qIAbRqZNDezHH7HwmyJ4SS75814eGnuSw=</value>
            <requiresConfiguration>true</requiresConfiguration>
        </NameValuePairPassword>
        <NameValuePairPassword>
            <name>SharedResources/Connections/JMS/MSF-JMS-INT-Connection/JNDIPassword</name>
            <value>#!gQElvD/VuVbckCvhRJTSh86swBWnQ/0DwMYdp4kSCtw=</value>
            <requiresConfiguration>true</requiresConfiguration>
        </NameValuePairPassword>
        <NameValuePair>
            <name>SharedResources/Connections/HTTP/MSF-HTTPS-Connection1/Host</name>
            <value>localhost</value>
            <requiresConfiguration>true</requiresConfiguration>
        </NameValuePair>
        <NameValuePair>
            <name>SharedResources/Connections/JMS/MSF-JMS-FOM-Connection/QueueConnectionFactory</name>
            <value>QueueConnectionFactory</value>
            <requiresConfiguration>true</requiresConfiguration>
        </NameValuePair>
        <NameValuePair>
            <name>SharedResources/Connections/JMS/MSF-JMS-Connection1/UserName</name>
            <value>tibco</value>
            <requiresConfiguration>true</requiresConfiguration>
        </NameValuePair>
        <NameValuePair>
            <name>SharedResources/Connections/JMS/MSF-JMS-BPM-Connection/UserName</name>
            <value>tibco</value>
            <requiresConfiguration>true</requiresConfiguration>
        </NameValuePair>
        <NameValuePairInteger>
            <name>MSF/Logging/LogLevel</name>
            <value>4</value>
            <requiresConfiguration>true</requiresConfiguration>
        </NameValuePairInteger>
        <NameValuePair>
            <name>SharedResources/Connections/JMS/MSF-JMS-Connection1/ClientID</name>
            <value/>
            <requiresConfiguration>true</requiresConfiguration>
        </NameValuePair>
        <NameValuePair>
            <name>SharedResources/Connections/JDBC/MSF-JDBC-CLE-Connection/UserName</name>
            <value>cleuser</value>
            <requiresConfiguration>true</requiresConfiguration>
        </NameValuePair>
        <NameValuePairBoolean>
            <name>MSF/Tracing/TraceEnabled</name>
            <value>true</value>
            <requiresConfiguration>true</requiresConfiguration>
        </NameValuePairBoolean>
        <NameValuePair>
            <name>SharedResources/Connections/JMS/MSF-JMS-MON-Connection/ClientID</name>
            <value/>
            <requiresConfiguration>true</requiresConfiguration>
        </NameValuePair>
        <NameValuePair>
            <name>SharedResources/Connections/JMS/MSF-JMS-BPM-Connection/JNDIUserName</name>
            <value>tibco</value>
            <requiresConfiguration>true</requiresConfiguration>
        </NameValuePair>
        <NameValuePair>
            <name>SharedResources/Connections/JDBC/MSF-JDBC-Connection1/MaxConnections</name>
            <value>10</value>
            <requiresConfiguration>true</requiresConfiguration>
        </NameValuePair>
        <NameValuePair>
            <name>SharedResources/Connections/JDBC/MSF-JDBC-FOM-Connection/MaxConnections</name>
            <value>10</value>
            <requiresConfiguration>true</requiresConfiguration>
        </NameValuePair>
        <NameValuePair>
            <name>Destinations/Topics/MSF-XX/MSF/LogException_v1</name>
            <value>MSF-XX.PUB.TIB.LOGEXCEPTION.XML.V1</value>
            <requiresConfiguration>true</requiresConfiguration>
        </NameValuePair>
        <NameValuePairPassword>
            <name>SharedResources/Connections/JMS/MSF-JMS-FOM-Connection/Password</name>
            <value>#!XTj+Ew5xGY5zzEZLkxR/id4jbsXzqYLOUyCHNEt3DMU=</value>
            <requiresConfiguration>true</requiresConfiguration>
        </NameValuePairPassword>
        <NameValuePairBoolean>
            <name>MSF/Audit/AuditEnabled</name>
            <value>true</value>
            <requiresConfiguration>true</requiresConfiguration>
        </NameValuePairBoolean>
        <NameValuePair>
            <name>SharedResources/Connections/JDBC/MSF-JDBC-FOM-Connection/UserName</name>
            <value>fomoms21</value>
            <requiresConfiguration>true</requiresConfiguration>
        </NameValuePair>
        <NameValuePair>
            <name>SharedResources/Connections/JMS/MSF-JMS-BPM-Connection/TopicConnectionFactory</name>
            <value>TopicConnectionFactory</value>
            <requiresConfiguration>true</requiresConfiguration>
        </NameValuePair>
        <NameValuePair>
            <name>SharedResources/Connections/JMS/MSF-JMS-MON-Connection/JNDIContextFactory</name>
            <value>com.tibco.tibjms.naming.TibjmsInitialContextFactory</value>
            <requiresConfiguration>true</requiresConfiguration>
        </NameValuePair>
        <NameValuePair>
            <name>SharedResources/Connections/JDBC/MSF-JDBC-Connection1/JDBCDriver</name>
            <value>oracle.jdbc.driver.OracleDriver (thin)</value>
            <requiresConfiguration>true</requiresConfiguration>
        </NameValuePair>
        <NameValuePair>
            <name>SharedResources/Connections/JMS/MSF-JMS-MON-Connection/JNDIUserName</name>
            <value>tibco</value>
            <requiresConfiguration>true</requiresConfiguration>
        </NameValuePair>
        <NameValuePairPassword>
            <name>SharedResources/Connections/JMS/MSF-JMS-MON-Connection/Password</name>
            <value>#!+GeiJ8osTqiwz/WeMVUybvsAdEzXxTpJwhrBO+CN9Xc=</value>
            <requiresConfiguration>true</requiresConfiguration>
        </NameValuePairPassword>
        <NameValuePair>
            <name>SharedResources/Connections/JMS/MSF-JMS-MON-Connection/JNDIContextURL</name>
            <value>tibjmsnaming://tgs-3uk-centos64-1:7232</value>
            <requiresConfiguration>true</requiresConfiguration>
        </NameValuePair>
        <NameValuePair>
            <name>SharedResources/Connections/HTTP/MSF-HTTPS-Connection1/Port</name>
            <value>6060</value>
            <requiresConfiguration>true</requiresConfiguration>
        </NameValuePair>
        <NameValuePair>
            <name>SharedResources/Connections/JMS/MSF-JMS-BPM-Connection/JNDIContextURL</name>
            <value>tibjmsnaming://tgs-3uk-centos64-1:7252</value>
            <requiresConfiguration>true</requiresConfiguration>
        </NameValuePair>
        <NameValuePairPassword>
            <name>SharedResources/Connections/JMS/MSF-JMS-BPM-Connection/JNDIPassword</name>
            <value>#!W1rbibSj6F9aW0vFKTIIAhv/H6Pi6/I1LL45Gg6mq7A=</value>
            <requiresConfiguration>true</requiresConfiguration>
        </NameValuePairPassword>
        <NameValuePair>
            <name>SharedResources/Connections/JMS/MSF-JMS-Connection1/TopicConnectionFactory</name>
            <value>TopicConnectionFactory</value>
            <requiresConfiguration>true</requiresConfiguration>
        </NameValuePair>
        <NameValuePair>
            <name>SharedResources/Connections/JMS/MSF-JMS-BPM-Connection/JNDIContextFactory</name>
            <value>com.tibco.tibjms.naming.TibjmsInitialContextFactory</value>
            <requiresConfiguration>true</requiresConfiguration>
        </NameValuePair>
        <NameValuePairBoolean>
            <name>MSF/Exceptions/ExceptionLogging/LogToTopic/Enabled</name>
            <value>false</value>
            <requiresConfiguration>true</requiresConfiguration>
        </NameValuePairBoolean>
        <NameValuePairBoolean>
            <name>SharedResources/Connections/JMS/MSF-JMS-BPM-Connection/AutoGenerateClientID</name>
            <value>true</value>
            <requiresConfiguration>true</requiresConfiguration>
        </NameValuePairBoolean>
        <NameValuePair>
            <name>SharedResources/Connections/JMS/MSF-JMS-INT-Connection/UserName</name>
            <value>tibco</value>
            <requiresConfiguration>true</requiresConfiguration>
        </NameValuePair>
        <NameValuePair>
            <name>SharedResources/Connections/JDBC/MSF-JDBC-CLE-Connection/DBURL</name>
            <value>jdbc:oracle:thin:@10.97.119.25:1521:ORCL</value>
            <requiresConfiguration>true</requiresConfiguration>
        </NameValuePair>
        <NameValuePair>
            <name>SharedResources/Connections/JMS/MSF-JMS-INT-Connection/TopicConnectionFactory</name>
            <value>TopicConnectionFactory</value>
            <requiresConfiguration>true</requiresConfiguration>
        </NameValuePair>
        <NameValuePairPassword>
            <name>SharedResources/Connections/JMS/MSF-JMS-FOM-Connection/JNDIPassword</name>
            <value>#!ND7ndG1ab84GDLgHCL4ZCSehmygBcbGvcO/mPuOXTMc=</value>
            <requiresConfiguration>true</requiresConfiguration>
        </NameValuePairPassword>
        <NameValuePair>
            <name>SharedResources/Connections/JDBC/MSF-JDBC-FOM-Connection/DBURL</name>
            <value>jdbc:oracle:thin:@10.97.119.25:1521:ORCL</value>
            <requiresConfiguration>true</requiresConfiguration>
        </NameValuePair>
        <NameValuePair>
            <name>SharedResources/Connections/JMS/MSF-JMS-Connection1/JNDIUserName</name>
            <value>tibco</value>
            <requiresConfiguration>true</requiresConfiguration>
        </NameValuePair>
        <NameValuePair>
            <name>SharedResources/Connections/JDBC/MSF-JDBC-CLE-Connection/MaxConnections</name>
            <value>10</value>
            <requiresConfiguration>true</requiresConfiguration>
        </NameValuePair>
        <NameValuePair>
            <name>SharedResources/Connections/JDBC/MSF-JDBC-Connection1/LoginTimeout</name>
            <value>0</value>
            <requiresConfiguration>true</requiresConfiguration>
        </NameValuePair>
        <NameValuePair>
            <name>SharedResources/Connections/JMS/MSF-JMS-INT-Connection/JNDIContextFactory</name>
            <value>com.tibco.tibjms.naming.TibjmsInitialContextFactory</value>
            <requiresConfiguration>true</requiresConfiguration>
        </NameValuePair>
        <NameValuePairBoolean>
            <name>MSF/Exceptions/ExceptionLogging/LogTechnical</name>
            <value>true</value>
            <requiresConfiguration>true</requiresConfiguration>
        </NameValuePairBoolean>
        <NameValuePair>
            <name>SharedResources/Connections/JMS/MSF-JMS-Connection1/QueueConnectionFactory</name>
            <value>QueueConnectionFactory</value>
            <requiresConfiguration>true</requiresConfiguration>
        </NameValuePair>
        <NameValuePair>
            <name>SharedResources/Connections/JMS/MSF-JMS-FOM-Connection/JNDIContextFactory</name>
            <value>com.tibco.tibjms.naming.TibjmsInitialContextFactory</value>
            <requiresConfiguration>true</requiresConfiguration>
        </NameValuePair>
        <NameValuePairPassword>
            <name>SharedResources/Connections/JDBC/MSF-JDBC-FOM-Connection/Password</name>
            <value>#!KrFLm8A0nXUA8bGB/NjjS3CI/E/Mbsx0lHO1Uaz8otA=</value>
            <requiresConfiguration>true</requiresConfiguration>
        </NameValuePairPassword>
        <NameValuePairPassword>
            <name>SharedResources/Connections/JMS/MSF-JMS-BPM-Connection/Password</name>
            <value>#!BNZdNCYRkubqetapSf8jyUQ22+rVfylOXLrL5Y8VOeg=</value>
            <requiresConfiguration>true</requiresConfiguration>
        </NameValuePairPassword>
        <NameValuePairBoolean>
            <name>MSF/Exceptions/ExceptionLogging/LogBusiness</name>
            <value>true</value>
            <requiresConfiguration>true</requiresConfiguration>
        </NameValuePairBoolean>
        <NameValuePairPassword>
            <name>SharedResources/Connections/JDBC/MSF-JDBC-CLE-Connection/Password</name>
            <value>#!pZA+AMeWUnpTplXCwdcSHypbWDfc0ybykwX9toGMJdI=</value>
            <requiresConfiguration>true</requiresConfiguration>
        </NameValuePairPassword>
        <NameValuePair>
            <name>MSF/Exceptions/ExceptionLogging/ActionOnFailure</name>
            <value>CONTINUE</value>
            <requiresConfiguration>true</requiresConfiguration>
        </NameValuePair>
        <NameValuePair>
            <name>SharedResources/Connections/JDBC/MSF-JDBC-Connection1/DBURL</name>
            <value>jdbc:oracle:thin:@10.97.119.25:1521:ORCL</value>
            <requiresConfiguration>true</requiresConfiguration>
        </NameValuePair>
        <NameValuePair>
            <name>SharedResources/Connections/JMS/MSF-JMS-MON-Connection/UserName</name>
            <value>tibco</value>
            <requiresConfiguration>true</requiresConfiguration>
        </NameValuePair>
        <NameValuePair>
            <name>SharedResources/Connections/JMS/MSF-JMS-MON-Connection/TopicConnectionFactory</name>
            <value>TopicConnectionFactory</value>
            <requiresConfiguration>true</requiresConfiguration>
        </NameValuePair>
        <NameValuePair>
            <name>SharedResources/Connections/JMS/MSF-JMS-Connection1/JNDIContextURL</name>
            <value>tibjmsnaming://tgs-3uk-centos64-1:7242</value>
            <requiresConfiguration>true</requiresConfiguration>
        </NameValuePair>
        <NameValuePairBoolean>
            <name>MSF/Exceptions/ExceptionLogging/LogUser</name>
            <value>true</value>
            <requiresConfiguration>true</requiresConfiguration>
        </NameValuePairBoolean>
        <NameValuePairBoolean>
            <name>SharedResources/Connections/JMS/MSF-JMS-Connection1/AutoGenerateClientID</name>
            <value>true</value>
            <requiresConfiguration>true</requiresConfiguration>
        </NameValuePairBoolean>
        <NameValuePair>
            <name>SharedResources/Connections/JMS/MSF-JMS-INT-Connection/JNDIUserName</name>
            <value>tibco</value>
            <requiresConfiguration>true</requiresConfiguration>
        </NameValuePair>
        <NameValuePair>
            <name>SharedResources/Connections/HTTP/MSF-HTTP-Connection1/Host</name>
            <value>localhost</value>
            <requiresConfiguration>true</requiresConfiguration>
        </NameValuePair>
        <NameValuePair>
            <name>SharedResources/Connections/JMS/MSF-JMS-Connection1/JNDIContextFactory</name>
            <value>com.tibco.tibjms.naming.TibjmsInitialContextFactory</value>
            <requiresConfiguration>true</requiresConfiguration>
        </NameValuePair>
        <NameValuePair>
            <name>SharedResources/Connections/JMS/MSF-JMS-FOM-Connection/ClientID</name>
            <value/>
            <requiresConfiguration>true</requiresConfiguration>
        </NameValuePair>
        <NameValuePair>
            <name>SharedResources/Connections/JMS/MSF-JMS-INT-Connection/QueueConnectionFactory</name>
            <value>QueueConnectionFactory</value>
            <requiresConfiguration>true</requiresConfiguration>
        </NameValuePair>
        <NameValuePairPassword>
            <name>SharedResources/Connections/JMS/MSF-JMS-Connection1/JNDIPassword</name>
            <value>#!fKzLuDDTt5ZQe4pp4se8U6NJycL4lIFDkkf3UhJgR7A=</value>
            <requiresConfiguration>true</requiresConfiguration>
        </NameValuePairPassword>
        <NameValuePair>
            <name>SharedResources/Connections/JDBC/MSF-JDBC-Connection1/UserName</name>
            <value/>
            <requiresConfiguration>true</requiresConfiguration>
        </NameValuePair>
        <NameValuePair>
            <name>SharedResources/Connections/JDBC/MSF-JDBC-FOM-Connection/JDBCDriver</name>
            <value>oracle.jdbc.driver.OracleDriver (thin)</value>
            <requiresConfiguration>true</requiresConfiguration>
        </NameValuePair>
    </NameValuePairs>
    <DeploymentDescriptorFactory>
        <name>{http://www.tibco.com/xmlns/checkpoint}BwCheckpoint</name>
        <deploymentDescriptorFactoryClassName>com.tibco.dd.bw.BwCheckpoint</deploymentDescriptorFactoryClassName>
        <deploymentDescriptorXsdFileName>com/tibco/dd/bw/BwCheckpoint.xsd</deploymentDescriptorXsdFileName>
    </DeploymentDescriptorFactory>
    <chk:BwCheckpoint xmlns:chk="http://www.tibco.com/xmlns/checkpoint">
        <name>TIBCO BusinessWorks Checkpoint Data Repository</name>
        <chk:availableSharedResourceName>/SharedResources/Connections/JDBC/MSF-JDBC-CLE-Connection</chk:availableSharedResourceName>
        <chk:availableSharedResourceName>/SharedResources/Connections/JDBC/MSF-JDBC-Connection1</chk:availableSharedResourceName>
        <chk:availableSharedResourceName>/SharedResources/Connections/JDBC/MSF-JDBC-FOM-Connection</chk:availableSharedResourceName>
        <chk:useSharedResource>false</chk:useSharedResource>
        <!--<chk:tablePrefix>CCS_par_96001431</chk:tablePrefix>-->
    </chk:BwCheckpoint>
    <DeploymentDescriptorFactory>
        <name>{http://www.tibco.com/xmlns/pdconfiguration}BwBPConfigurations</name>
        <deploymentDescriptorFactoryClassName>com.tibco.dd.bw.BwBPConfigurations</deploymentDescriptorFactoryClassName>
        <deploymentDescriptorXsdFileName>com/tibco/dd/bw/BwBPConfigurations.xsd</deploymentDescriptorXsdFileName>
    </DeploymentDescriptorFactory>
    <pd:BwBPConfigurations xmlns:pd="http://www.tibco.com/xmlns/pdconfiguration">
        <name>TIBCO BusinessWorks Process Configurations</name>
        <pd:BwBPConfiguration>
            <pd:processDefinitionName>IntegrationServices/Product/ProductSpecification/ProductSpecificationManagement/MCFCManagement_v1/LoadProductModel/Starter/JMSTrigger.process</pd:processDefinitionName>
            <pd:isDynamicCallProcess>false</pd:isDynamicCallProcess>
            <pd:processDefinitionStarterName>JMS Queue Receiver</pd:processDefinitionStarterName>
            <pd:enabled>true</pd:enabled>
            <pd:maxJobs>0</pd:maxJobs>
            <pd:activation>true</pd:activation>
            <!--<pd:flowLimit>0</pd:flowLimit>-->
        </pd:BwBPConfiguration>
        <pd:BwBPConfiguration>
            <pd:processDefinitionName>UtilityProcesses/ProcessStarters/LogOnShutdown.process</pd:processDefinitionName>
            <pd:isDynamicCallProcess>false</pd:isDynamicCallProcess>
            <pd:processDefinitionStarterName>onShutdown</pd:processDefinitionStarterName>
            <pd:enabled>true</pd:enabled>
            <pd:maxJobs>0</pd:maxJobs>
            <pd:activation>true</pd:activation>
            <!--<pd:flowLimit>0</pd:flowLimit>-->
        </pd:BwBPConfiguration>
        <pd:BwBPConfiguration>
            <pd:processDefinitionName>UtilityProcesses/ProcessStarters/LoggingControl.process</pd:processDefinitionName>
            <pd:isDynamicCallProcess>false</pd:isDynamicCallProcess>
            <pd:processDefinitionStarterName>Log Getter-Setter Receiver</pd:processDefinitionStarterName>
            <pd:enabled>true</pd:enabled>
            <pd:maxJobs>0</pd:maxJobs>
            <pd:activation>true</pd:activation>
            <!--<pd:flowLimit>0</pd:flowLimit>-->
        </pd:BwBPConfiguration>
        <pd:BwBPConfiguration>
            <pd:processDefinitionName>IntegrationServices/Product/ProductSpecification/ProductSpecificationManagement/MCFCManagement_v1/LoadProductModel/Starter/FilePollerTrigger.process</pd:processDefinitionName>
            <pd:isDynamicCallProcess>false</pd:isDynamicCallProcess>
            <pd:processDefinitionStarterName>File Poller</pd:processDefinitionStarterName>
            <pd:enabled>true</pd:enabled>
            <pd:maxJobs>0</pd:maxJobs>
            <pd:activation>true</pd:activation>
            <!--<pd:flowLimit>0</pd:flowLimit>-->
        </pd:BwBPConfiguration>
        <pd:BwBPConfiguration>
            <pd:processDefinitionName>IntegrationServices/Product/ProductSpecification/ProductSpecificationManagement/MCFCManagement_v1/Service/MCFCManagement_v1.serviceagent</pd:processDefinitionName>
            <pd:isDynamicCallProcess>false</pd:isDynamicCallProcess>
            <pd:processDefinitionStarterName>MCFCManagement_v1</pd:processDefinitionStarterName>
            <pd:enabled>true</pd:enabled>
            <pd:maxJobs>0</pd:maxJobs>
            <pd:activation>true</pd:activation>
            <!--<pd:flowLimit>0</pd:flowLimit>-->
        </pd:BwBPConfiguration>
        <pd:BwBPConfiguration>
            <pd:processDefinitionName>IntegrationServices/Product/ProductSpecification/ProductSpecificationManagement/MCFCManagement_v1/AddProduct/Starter/RequestPoller.process</pd:processDefinitionName>
            <pd:isDynamicCallProcess>false</pd:isDynamicCallProcess>
            <pd:processDefinitionStarterName>File Poller</pd:processDefinitionStarterName>
            <pd:enabled>true</pd:enabled>
            <pd:maxJobs>0</pd:maxJobs>
            <pd:activation>true</pd:activation>
            <!--<pd:flowLimit>0</pd:flowLimit>-->
        </pd:BwBPConfiguration>
        <pd:BwBPConfiguration>
            <pd:processDefinitionName>UtilityProcesses/ProcessStarters/LogOnStartup.process</pd:processDefinitionName>
            <pd:isDynamicCallProcess>false</pd:isDynamicCallProcess>
            <pd:processDefinitionStarterName>onStartup</pd:processDefinitionStarterName>
            <pd:enabled>true</pd:enabled>
            <pd:maxJobs>0</pd:maxJobs>
            <pd:activation>true</pd:activation>
            <!--<pd:flowLimit>0</pd:flowLimit>-->
        </pd:BwBPConfiguration>
        <pd:BwBPConfiguration>
            <pd:processDefinitionName>IntegrationServices/Product/ProductSpecification/ProductSpecificationManagement/MCFCManagement_v1/LoadProductModel/Starter/ScheduledTrigger.process</pd:processDefinitionName>
            <pd:isDynamicCallProcess>false</pd:isDynamicCallProcess>
            <pd:processDefinitionStarterName>Timer</pd:processDefinitionStarterName>
            <pd:enabled>true</pd:enabled>
            <pd:maxJobs>0</pd:maxJobs>
            <pd:activation>true</pd:activation>
            <!--<pd:flowLimit>0</pd:flowLimit>-->
        </pd:BwBPConfiguration>
    </pd:BwBPConfigurations>
    <DeploymentDescriptorFactory>
        <name>{http://www.tibco.com/xmlns/dd}SupportsFaultTolerance</name>
        <deploymentDescriptorFactoryClassName>com.tibco.archive.helpers.SupportsFaultTolerance</deploymentDescriptorFactoryClassName>
    </DeploymentDescriptorFactory>
    <SupportsFaultTolerance>
        <name>SupportsFaultTolerance</name>
    </SupportsFaultTolerance>
    <NameValuePairs>
        <name>Adapter SDK Properties</name>
        <NameValuePair>
            <name>Trace.Task.*</name>
            <value>false</value>
            <description>Activity Trace Controls activity invocation trace</description>
            <requiresConfiguration>false</requiresConfiguration>
        </NameValuePair>
        <NameValuePair>
            <name>EnableMemorySavingMode</name>
            <value>false</value>
            <description>Memory Saving Mode controls process variable memory saving mode</description>
            <requiresConfiguration>false</requiresConfiguration>
        </NameValuePair>
        <NameValuePair>
            <name>bw.engine.enableJobRecovery</name>
            <value>false</value>
            <description>maintain checkpoints for failed processes enables the preservation of checkpoints for process instances that end with a fault</description>
            <requiresConfiguration>false</requiresConfiguration>
        </NameValuePair>
        <NameValuePair>
            <name>bw.engine.autoCheckpointRestart</name>
            <value>true</value>
            <description>auto checkpoint restart controls automatic restarting of checkpoints when engine first starts up</description>
            <requiresConfiguration>false</requiresConfiguration>
        </NameValuePair>
        <NameValuePair>
            <name>bw.engine.jobstats.enable</name>
            <value>false</value>
            <description>maintain job history file controls maintence of job history csv file</description>
            <requiresConfiguration>false</requiresConfiguration>
        </NameValuePair>
        <NameValuePair>
            <name>log.file.encoding</name>
            <value/>
            <description>set log file encoding controls log file encoding</description>
            <requiresConfiguration>false</requiresConfiguration>
        </NameValuePair>
        <NameValuePair>
            <name>bw.engine.emaEnabled</name>
            <value>false</value>
            <description>Enables Enterprise Management Advisor Interface Enables Enterprise Management Advisor driven process control based on resource state</description>
            <requiresConfiguration>false</requiresConfiguration>
        </NameValuePair>
        <NameValuePair>
            <name>bw.container.service</name>
            <value/>
            <description>BW Service Container Enables BW engine to be hosted within a container</description>
            <requiresConfiguration>false</requiresConfiguration>
        </NameValuePair>
        <NameValuePair>
            <name>bw.container.service.rmi.port</name>
            <value>9995</value>
            <description>BW Service Container RMI Port Enables Container Communication Port</description>
            <requiresConfiguration>false</requiresConfiguration>
        </NameValuePair>
        <NameValuePair>
            <name>bw.platform.services.retreiveresources.Enabled</name>
            <value>false</value>
            <description>Built-in Resource Provider Activation Enables Built in Resource Provider</description>
            <requiresConfiguration>false</requiresConfiguration>
        </NameValuePair>
        <NameValuePair>
            <name>bw.platform.services.retreiveresources.Hostname</name>
            <value>localhost</value>
            <description>Built-in Resource Provider Host Sets Built-in Resource Provider Host Name</description>
            <requiresConfiguration>false</requiresConfiguration>
        </NameValuePair>
        <NameValuePair>
            <name>bw.platform.services.retreiveresources.Httpport</name>
            <value>8010</value>
            <description>Built-in Resource Provider Http Port Sets Built-in Resource Provider Http Port Number</description>
            <requiresConfiguration>false</requiresConfiguration>
        </NameValuePair>
        <NameValuePair>
            <name>bw.platform.services.retreiveresources.defaultEncoding</name>
            <value>ISO8859_1</value>
            <description>Built-in Resource Provider Default Encoding Sets Built-in Resource Provider defaultEncoding</description>
            <requiresConfiguration>false</requiresConfiguration>
        </NameValuePair>
        <NameValuePair>
            <name>bw.platform.services.retreiveresources.enableLookups</name>
            <value>false</value>
            <description>Built-in Resource Provider DNS Lookups Enables Built-in Resource Provider DNS Lookups</description>
            <requiresConfiguration>false</requiresConfiguration>
        </NameValuePair>
        <NameValuePair>
            <name>bw.platform.services.retreiveresources.isSecure</name>
            <value>false</value>
            <description>Built-in Resource Provider Secure Socket Layer(SSL) support Enables Built-in Resource Provider Secure Socket Layer(SSL) support</description>
            <requiresConfiguration>false</requiresConfiguration>
        </NameValuePair>
        <NameValuePair>
            <name>bw.platform.services.retreiveresources.identity</name>
            <value>/Identity_HTTPConnection.id</value>
            <description>Built-in Resource Provider Identity  Sets Built-in Resource Provider Identity if Secure Socket Layer(SSL) support is enabled</description>
            <requiresConfiguration>false</requiresConfiguration>
        </NameValuePair>
        <NameValuePair>
            <name>bw.log4j.configuration</name>
            <value/>
            <description>Log4j Configuration File Log4j Configuration file path</description>
            <requiresConfiguration>false</requiresConfiguration>
        </NameValuePair>
    </NameValuePairs>
</DeploymentDescriptors>