<?xml version="1.0" encoding="UTF-8"?>
<DeploymentDescriptors xmlns="http://www.tibco.com/xmlns/dd">
    <name>MSF_PaymentGateway_V1_ProcessArchive.par</name>
    <version>15</version>
    <owner>dwagle</owner>
    <creationDate>10/19/15 3:47 PM</creationDate>
    <DeploymentDescriptorFactory>
        <name>{http://www.tibco.com/xmlns/dd}StartAsOneOf</name>
        <deploymentDescriptorFactoryClassName>com.tibco.archive.helpers.StartAsOneOf</deploymentDescriptorFactoryClassName>
    </DeploymentDescriptorFactory>
    <StartAsOneOf>
        <name>StartAsOneOf</name>
        <ComponentSoftwareReference>
            <componentSoftwareName>bwengine</componentSoftwareName>
            <minimumComponentSoftwareVersion>5.3.0.0</minimumComponentSoftwareVersion>
            <minimumTRAVersion>5.3.0.0</minimumTRAVersion>
            <configVersion>5.3.0.0</configVersion>
        </ComponentSoftwareReference>
    </StartAsOneOf>
    <DeploymentDescriptorFactory>
        <name>{http://www.tibco.com/xmlns/dd}NameValuePairs</name>
        <deploymentDescriptorFactoryClassName>com.tibco.archive.helpers.NameValuePairs</deploymentDescriptorFactoryClassName>
    </DeploymentDescriptorFactory>
    <NameValuePairs>
        <name>EXTERNAL_DEPENDENCIES</name>
        <NameValuePair>
            <name>EXTERNAL_RESOURCE_DEPENDENCY</name>
            <value>/AESchemas/ae/PGAJ2eeAdapter_1/.folder,/SharedResources/Schemas/Public/Logging/LogRequest.xsd,/SharedResources/Java/CustomFunctions/Logging.javaxpath,/SharedResources/SchemaDefinitions/CDM/Billing/BillingCommon/BillingEnumerations/BillingTypes_v1.xsd,/SharedResources/SchemaDefinitions/CDM/Billing/BillingPayment/BillingPaymentManagement/PaymentType_v1.xsd,/SharedResources/SchemaDefinitions/Resource/Common/CommonDefinitions/MSF/LocalExceptionInfo_v1.xsd,/SharedResources/XML/Common/CommonDefinitions/MSF/StandardEnumerations.xml,/UtilityProcesses/ProcessStarters/LogOnStartup.process,/SharedResources/Connections/JMS/MSF-JMS-INT-Connection.sharedjmscon,/SharedResources/Schemas/Public/Exception/ExceptionRequest.xsd,/SharedResources/SchemaDefinitions/CDM/Common/CommonTypes/BaseTypes_v1.xsd,/SharedResources/SchemaDefinitions/CDM/Common/CommonDefinitions/Address_v1.xsd,/UtilityProcesses/ProcessStarters/LogOnShutdown.process,/SharedResources/Java/CustomFunctions/DateUtil.javaxpath,/SharedResources/Connections/JMS/MSF-JMS-CLE-Connection.sharedjmscon,/SharedResources/SchemaDefinitions/Resource/Common/CommonDefinitions/MSF/ExceptionMessage_v1.xsd,/SharedResources/SchemaDefinitions/CDM/Billing/BillingPayment/BillingPaymentManagement/AddToBill_V1.xsd,/AESchemas/ae/PGAJ2eeAdapter_1/Common.aeschema,/UtilityProcesses/ProcessStarters/LoggingControl.process,/AESchemas/ae/Common.aeschema,/AESchemas/sequence/ae/PaymentGatewayAdapter_1/Common.aeschema,/SharedResources/SchemaDefinitions/CDM/Common/CommonDefinitions/UDF_v1.xsd,/AESchemas/ae/PGAJ2eeAdapter_1/Response.aeschema,/SharedResources/SchemaDefinitions/Internal/Common/CommonDefinitions/MSF/InputMessageContent_v1.xsd,/SharedResources/Java/CustomFunctions/XMLUtil.javaxpath,/SharedResources/Java/CustomFunctions/Lookup.javaxpath,/AESchemas/ae/PaymentGatewayAdapter_1/Common.aeschema,/SharedResources/SchemaDefinitions/External/BW/EngineTypes.xsd,/AESchemas/sequence/ae.aeschema,/SharedResources/SchemaDefinitions/CDM/Billing/BillingTypes/BillingBaseTypes_v1.xsd,/IntegrationServices/Billing/BillingPayment/BillingPaymentManagement/MC_PaymentGateway_v1/Service/MC_PaymentGateway_v1.serviceagent,/SharedResources/SharedVariables/Common/CommonDefinitions/MSF/GlobalServiceContext.sharedvariable,/SharedResources/SchemaDefinitions/Resource/Common/CommonDefinitions/MSF/ExceptionInfo_v1.xsd,/SharedResources/SchemaDefinitions/Internal/Common/CommonDefinitions/MSF/ExceptionDefinition_v1.xsd,/SharedResources/JobSharedVariables/InputMessageContent.jobsharedvariable,/SharedResources/SchemaDefinitions/CDM/Common/CommonDefinitions/Individual_v1.xsd,/SharedResources/SchemaDefinitions/Internal/Common/CommonDefinitions/MSF/ProcessStats_v1.xsd,/AESchemas/ae/PGAJ2eeAdapter_1/Request.aeschema,/AESchemas/ae/TRETypes.aeschema,/SharedResources/SchemaDefinitions/CDM/Billing/BillingPayment/BillingPaymentManagement/Cash_v1.xsd,/SharedResources/SchemaDefinitions/Internal/Common/CommonDefinitions/MSF/Enumerations_v1.xsd,/SharedResources/SharedVariables/Common/CommonDefinitions/MSF/StandardEnumerations.sharedvariable,/SharedResources/SchemaDefinitions/CDM/Billing/BillingPayment/BillingPaymentManagement/Voucher_v1.xsd,/SharedResources/SchemaDefinitions/CDM/Billing/BillingPayment/BillingPaymentManagement/ChequeDetails_v1.xsd,/SharedResources/SchemaDefinitions/Internal/Common/CommonDefinitions/MSF/LoggingControl_v1.xsd,/SharedResources/SchemaDefinitions/CDM/Common/CommonEnumerations/Types_v1.xsd,/SharedResources/Connections/JMS/Properties/MSF-JMS-NONSOAP-Properties.sharedjmsapp,/SharedResources/SchemaDefinitions/CDM/Billing/BillingPayment/BillingPaymentManagement/CreditCardDetails_v1.xsd,/SharedResources/ContextResources/InputContext.contextResource,/SharedResources/SchemaDefinitions/Resource/Common/CommonDefinitions/MSF/MessageContext_v1.xsd,/SharedResources/SchemaDefinitions/CDM/Billing/BillingPayment/BillingPaymentManagement/PaymentDetails_v1.xsd,/SharedResources/WebServiceDefinitions/Interface/Billing/BillingPayment/BillingPaymentManagement/Concrete/MC_PaymentGateway_v1.wsdl,/SharedResources/SchemaDefinitions/Resource/Common/CommonDefinitions/MSF/ExceptionInfoExtended_v1.xsd,/SharedResources/XSLT/Common/CommonDefinitions/MSF/ExceptionInfoTransform.xslt,/SharedResources/SchemaDefinitions/CDM/Common/CommonEnumerations/Channel_v1.xsd,/AESchemas/ae/PaymentGatewayAdapter_1/Request.aeschema,/SharedResources/JobSharedVariables/OutputMessageContext.jobsharedvariable,/LogLevelControl/Schemas/LogLevelControl.xsd,/SharedResources/SchemaDefinitions/Internal/Common/CommonDefinitions/MSF/LoggingConfig_v1.xsd,/SharedResources/Connections/JDBC/MSF-JDBC-Connection1.sharedjdbc,/SharedResources/JobSharedVariables/ProcessStatistics.jobsharedvariable,/SharedResources/ContextResources/OutputContext.contextResource,/AESchemas/ae/PaymentGatewayAdapter_1/Response.aeschema,/AESchemas/ae.aeschema,/SharedResources/SchemaDefinitions/Resource/Common/CommonDefinitions/MSF/ServiceContext_v1.xsd,/SharedResources/SchemaDefinitions/Internal/Common/CommonDefinitions/MSF/ExceptionInfoTransform_v1.xsd,/SharedResources/JobSharedVariables/InitialServiceContext.jobsharedvariable,/SharedResources/WebServiceDefinitions/Interface/Billing/BillingPayment/BillingPaymentManagement/MC_PaymentGateway_v1.wsdl,/SharedResources/SchemaDefinitions/Interface/Billing/BillingPayment/BillingPaymentManagement/MC_PaymentGateway_v1.xsd,/LogLevelControl/SharedVariable/LogLevelControl.sharedvariable,/SharedResources/JobSharedVariables/InputMessageContext.jobsharedvariable,/SharedResources/SchemaDefinitions/CDM/Common/CommonEnumerations/Status_v1.xsd,/SharedResources/SchemaDefinitions/CDM/Billing/BillingCommon/BillingEnumerations/BillingStatus_v1.xsd,/SharedResources/Schemas/Public/Common/RequestHeader.xsd,/AESchemas/sequence/ae/PGAJ2eeAdapter_1.aeschema,/AESchemas/ae/EigerAdapter_1/Common.aeschema,/SharedResources/SchemaDefinitions/CDM/Billing/BillingPayment/BillingPaymentManagement/DirectDebitDetails_v1.xsd,/SharedResources/SchemaDefinitions/CDM/Billing/BillingPayment/BillingPaymentManagement/DebitCardDetails_v1.xsd,/SharedResources/SchemaDefinitions/CDM/Billing/BillingPayment/BillingPaymentManagement/BankDetails_v1.xsd,/SharedResources/SchemaDefinitions/Resource/Common/CommonDefinitions/MSF/Exception_v1.xsd</value>
            <description>External resource configuration required by the archive.</description>
            <requiresConfiguration>false</requiresConfiguration>
            <disableConfigureAtDeployment>true</disableConfigureAtDeployment>
        </NameValuePair>
    </NameValuePairs>
    <NameValuePairs>
        <name>Runtime Variables</name>
        <NameValuePair>
            <name>SharedResources/Connections/JMS/MSF-JMS-FOM-Connection/JNDIContextURL</name>
            <value>tibjmsnaming://tgs-3uk-centos64-1:7222</value>
            <requiresConfiguration>true</requiresConfiguration>
        </NameValuePair>
        <NameValuePair>
            <name>SharedResources/Connections/JMS/MSF-JMS-FOM-Connection/TopicConnectionFactory</name>
            <value>TopicConnectionFactory</value>
            <requiresConfiguration>true</requiresConfiguration>
        </NameValuePair>
        <NameValuePair>
            <name>SharedResources/Connections/JDBC/MSF-JDBC-Connection1/MaxConnections</name>
            <value>10</value>
            <requiresConfiguration>true</requiresConfiguration>
        </NameValuePair>
        <NameValuePairPassword>
            <name>SharedResources/Connections/JDBC/MSF-JDBC-Connection1/Password</name>
            <value>#!0s4YLuZG6o++YKWyzDaC3tf8U4PQF7+djAxune1XcAY=</value>
            <requiresConfiguration>true</requiresConfiguration>
        </NameValuePairPassword>
        <NameValuePair>
            <name>SharedResources/Connections/JMS/MSF-JMS-INT-Connection/TopicConnectionFactory</name>
            <value>TopicConnectionFactory</value>
            <requiresConfiguration>true</requiresConfiguration>
        </NameValuePair>
        <NameValuePair>
            <name>SharedResources/Connections/JMS/MSF-JMS-MON-Connection/TopicConnectionFactory</name>
            <value>TopicConnectionFactory</value>
            <requiresConfiguration>true</requiresConfiguration>
        </NameValuePair>
        <NameValuePairBoolean>
            <name>SharedResources/Connections/JMS/MSF-JMS-BPM-Connection/AutoGenerateClientID</name>
            <value>true</value>
            <requiresConfiguration>true</requiresConfiguration>
        </NameValuePairBoolean>
        <NameValuePair>
            <name>Destinations/Topics/MSF-XX/MSF/LogException_v1</name>
            <value>MSF-XX.PUB.TIB.LOGEXCEPTION.XML.V1</value>
            <requiresConfiguration>true</requiresConfiguration>
        </NameValuePair>
        <NameValuePair>
            <name>SharedResources/Connections/JMS/MSF-JMS-Connection1/TopicConnectionFactory</name>
            <value>TopicConnectionFactory</value>
            <requiresConfiguration>true</requiresConfiguration>
        </NameValuePair>
        <NameValuePairPassword>
            <name>SharedResources/Connections/JMS/MSF-JMS-FOM-Connection/Password</name>
            <value>#!Pg2eqGTTFdYgRBsBRoF2kXummVLf5CNNnxAGCpauedU=</value>
            <requiresConfiguration>true</requiresConfiguration>
        </NameValuePairPassword>
        <NameValuePairPassword>
            <name>SharedResources/Connections/JMS/MSF-JMS-INT-Connection/Password</name>
            <value>#!aVYpt2eVodG/yO89tC6u5RbpRV5i/yvYy+S33/xpy/Q=</value>
            <requiresConfiguration>true</requiresConfiguration>
        </NameValuePairPassword>
        <NameValuePair>
            <name>SharedResources/Connections/JDBC/MSF-JDBC-Connection1/LoginTimeout</name>
            <value>0</value>
            <requiresConfiguration>true</requiresConfiguration>
        </NameValuePair>
        <NameValuePair>
            <name>SharedResources/Connections/JMS/MSF-JMS-FOM-Connection/ClientID</name>
            <value/>
            <requiresConfiguration>true</requiresConfiguration>
        </NameValuePair>
        <NameValuePair>
            <name>SharedResources/Connections/JMS/MSF-JMS-MON-Connection/JNDIContextFactory</name>
            <value>com.tibco.tibjms.naming.TibjmsInitialContextFactory</value>
            <requiresConfiguration>true</requiresConfiguration>
        </NameValuePair>
        <NameValuePair>
            <name>MSF/Exceptions/ExceptionLogging/ActionOnFailure</name>
            <value>CONTINUE</value>
            <requiresConfiguration>true</requiresConfiguration>
        </NameValuePair>
        <NameValuePair>
            <name>SharedResources/Connections/JMS/MSF-JMS-MON-Connection/UserName</name>
            <value>tibco</value>
            <requiresConfiguration>true</requiresConfiguration>
        </NameValuePair>
        <NameValuePairPassword>
            <name>SharedResources/Connections/JMS/MSF-JMS-BPM-Connection/JNDIPassword</name>
            <value>#!sUTyT2VHyfKa5asrJf9fM3LABHCRwZvbucUl5F2cOBE=</value>
            <requiresConfiguration>true</requiresConfiguration>
        </NameValuePairPassword>
        <NameValuePairInteger>
            <name>MSF/Exceptions/ExceptionLogging/LogToTopic/Retries</name>
            <value>2</value>
            <requiresConfiguration>true</requiresConfiguration>
        </NameValuePairInteger>
        <NameValuePair>
            <name>SharedResources/Connections/JMS/MSF-JMS-Connection1/JNDIContextFactory</name>
            <value>com.tibco.tibjms.naming.TibjmsInitialContextFactory</value>
            <requiresConfiguration>true</requiresConfiguration>
        </NameValuePair>
        <NameValuePair>
            <name>SharedResources/Connections/JMS/MSF-JMS-INT-Connection/JNDIContextFactory</name>
            <value>com.tibco.tibjms.naming.TibjmsInitialContextFactory</value>
            <requiresConfiguration>true</requiresConfiguration>
        </NameValuePair>
        <NameValuePair>
            <name>SharedResources/Connections/HTTP/MSF-HTTP-Connection1/Host</name>
            <value>localhost</value>
            <requiresConfiguration>true</requiresConfiguration>
        </NameValuePair>
        <NameValuePair>
            <name>SharedResources/Connections/JMS/MSF-JMS-Connection1/QueueConnectionFactory</name>
            <value>QueueConnectionFactory</value>
            <requiresConfiguration>true</requiresConfiguration>
        </NameValuePair>
        <NameValuePair>
            <name>SharedResources/Connections/HTTP/MSF-HTTP-Connection1/Port</name>
            <value>6060</value>
            <requiresConfiguration>true</requiresConfiguration>
        </NameValuePair>
        <NameValuePairBoolean>
            <name>SharedResources/Connections/JMS/MSF-JMS-MON-Connection/AutoGenerateClientID</name>
            <value>true</value>
            <requiresConfiguration>true</requiresConfiguration>
        </NameValuePairBoolean>
        <NameValuePairPassword>
            <name>SharedResources/Connections/JMS/MSF-JMS-MON-Connection/JNDIPassword</name>
            <value>#!2bxQ5CoPmmbT6olcVpw6q9eZZzf0zKhaNP0KfQGaYQg=</value>
            <requiresConfiguration>true</requiresConfiguration>
        </NameValuePairPassword>
        <NameValuePairBoolean>
            <name>MSF/Logging/LogEnabled</name>
            <value>true</value>
            <requiresConfiguration>true</requiresConfiguration>
        </NameValuePairBoolean>
        <NameValuePairPassword>
            <name>SharedResources/Connections/JMS/MSF-JMS-Connection1/Password</name>
            <value>#!09GF4q3hc6qYA40c1TQUNMffklbsQ9C+Q2zzs8YXceI=</value>
            <requiresConfiguration>true</requiresConfiguration>
        </NameValuePairPassword>
        <NameValuePairBoolean>
            <name>MSF/Tracing/TraceEnabled</name>
            <value>true</value>
            <requiresConfiguration>true</requiresConfiguration>
        </NameValuePairBoolean>
        <NameValuePair>
            <name>SharedResources/Connections/JMS/MSF-JMS-INT-Connection/JNDIUserName</name>
            <value>admin</value>
            <requiresConfiguration>true</requiresConfiguration>
        </NameValuePair>
        <NameValuePairInteger>
            <name>MSF/Logging/LogLevel</name>
            <value>4</value>
            <requiresConfiguration>true</requiresConfiguration>
        </NameValuePairInteger>
        <NameValuePair>
            <name>SharedResources/Connections/JMS/MSF-JMS-BPM-Connection/QueueConnectionFactory</name>
            <value>QueueConnectionFactory</value>
            <requiresConfiguration>true</requiresConfiguration>
        </NameValuePair>
        <NameValuePairPassword>
            <name>SharedResources/Connections/JMS/MSF-JMS-BPM-Connection/Password</name>
            <value>#!D/cpTW9ey62uMIGbdfx7vz9hLSbJtspxLnEVYP/wOUs=</value>
            <requiresConfiguration>true</requiresConfiguration>
        </NameValuePairPassword>
        <NameValuePair>
            <name>SharedResources/Connections/HTTP/MSF-HTTPS-Connection1/Host</name>
            <value>localhost</value>
            <requiresConfiguration>true</requiresConfiguration>
        </NameValuePair>
        <NameValuePair>
            <name>SharedResources/Connections/JMS/MSF-JMS-BPM-Connection/UserName</name>
            <value>tibco</value>
            <requiresConfiguration>true</requiresConfiguration>
        </NameValuePair>
        <NameValuePair>
            <name>SharedResources/Connections/JDBC/MSF-JDBC-Connection1/JDBCDriver</name>
            <value>oracle.jdbc.driver.OracleDriver (thin)</value>
            <requiresConfiguration>true</requiresConfiguration>
        </NameValuePair>
        <NameValuePairPassword>
            <name>SharedResources/Connections/JMS/MSF-JMS-FOM-Connection/JNDIPassword</name>
            <value>#!iOdKzSagVpLme+YoXuyNx7RxZi36+HKIpRgg/WWrlBM=</value>
            <requiresConfiguration>true</requiresConfiguration>
        </NameValuePairPassword>
        <NameValuePairBoolean>
            <name>SharedResources/Connections/JMS/MSF-JMS-INT-Connection/AutoGenerateClientID</name>
            <value>true</value>
            <requiresConfiguration>true</requiresConfiguration>
        </NameValuePairBoolean>
        <NameValuePairPassword>
            <name>SharedResources/Connections/JMS/MSF-JMS-INT-Connection/JNDIPassword</name>
            <value>#!/hscT1lI0RJ3d+IjDRIlh9YgvjeiTBsVfYseDUC60U8=</value>
            <requiresConfiguration>true</requiresConfiguration>
        </NameValuePairPassword>
        <NameValuePairPassword>
            <name>SharedResources/Connections/JMS/MSF-JMS-MON-Connection/Password</name>
            <value>#!a4Vtxhz6U5JgA3m1ZBYoVC/6tsZuZwQQVFNuWVtYr8g=</value>
            <requiresConfiguration>true</requiresConfiguration>
        </NameValuePairPassword>
        <NameValuePair>
            <name>SharedResources/Connections/JDBC/MSF-JDBC-Connection1/DBURL</name>
            <value>jdbc:oracle:thin:@&lt;host&gt;:&lt;port#&gt;:&lt;db_instancename&gt;</value>
            <requiresConfiguration>true</requiresConfiguration>
        </NameValuePair>
        <NameValuePairBoolean>
            <name>MSF/Exceptions/ExceptionLogging/LogPayload</name>
            <value>true</value>
            <requiresConfiguration>true</requiresConfiguration>
        </NameValuePairBoolean>
        <NameValuePair>
            <name>SharedResources/Connections/JMS/MSF-JMS-FOM-Connection/UserName</name>
            <value>tibco</value>
            <requiresConfiguration>true</requiresConfiguration>
        </NameValuePair>
        <NameValuePairBoolean>
            <name>MSF/Exceptions/ExceptionLogging/LogBusiness</name>
            <value>true</value>
            <requiresConfiguration>true</requiresConfiguration>
        </NameValuePairBoolean>
        <NameValuePair>
            <name>SharedResources/Connections/JMS/MSF-JMS-Connection1/ClientID</name>
            <value/>
            <requiresConfiguration>true</requiresConfiguration>
        </NameValuePair>
        <NameValuePair>
            <name>SharedResources/Connections/JMS/MSF-JMS-MON-Connection/QueueConnectionFactory</name>
            <value>QueueConnectionFactory</value>
            <requiresConfiguration>true</requiresConfiguration>
        </NameValuePair>
        <NameValuePair>
            <name>SharedResources/Connections/JMS/MSF-JMS-MON-Connection/JNDIUserName</name>
            <value>tibco</value>
            <requiresConfiguration>true</requiresConfiguration>
        </NameValuePair>
        <NameValuePair>
            <name>SharedResources/Connections/JMS/MSF-JMS-INT-Connection/UserName</name>
            <value>admin</value>
            <requiresConfiguration>true</requiresConfiguration>
        </NameValuePair>
        <NameValuePair>
            <name>SharedResources/Connections/JMS/MSF-JMS-BPM-Connection/JNDIContextURL</name>
            <value>tibjmsnaming://tgs-3uk-centos64-1:7252</value>
            <requiresConfiguration>true</requiresConfiguration>
        </NameValuePair>
        <NameValuePair>
            <name>SharedResources/Connections/JMS/MSF-JMS-MON-Connection/ClientID</name>
            <value/>
            <requiresConfiguration>true</requiresConfiguration>
        </NameValuePair>
        <NameValuePair>
            <name>SharedResources/Connections/JMS/MSF-JMS-BPM-Connection/ClientID</name>
            <value/>
            <requiresConfiguration>true</requiresConfiguration>
        </NameValuePair>
        <NameValuePair>
            <name>SharedResources/Connections/JMS/MSF-JMS-Connection1/UserName</name>
            <value>tibco</value>
            <requiresConfiguration>true</requiresConfiguration>
        </NameValuePair>
        <NameValuePairBoolean>
            <name>MSF/Exceptions/ExceptionLogging/LogToTopic/Enabled</name>
            <value>false</value>
            <requiresConfiguration>true</requiresConfiguration>
        </NameValuePairBoolean>
        <NameValuePairBoolean>
            <name>SharedResources/Connections/JMS/MSF-JMS-Connection1/AutoGenerateClientID</name>
            <value>true</value>
            <requiresConfiguration>true</requiresConfiguration>
        </NameValuePairBoolean>
        <NameValuePair>
            <name>SharedResources/Connections/JMS/MSF-JMS-FOM-Connection/JNDIUserName</name>
            <value>tibco</value>
            <requiresConfiguration>true</requiresConfiguration>
        </NameValuePair>
        <NameValuePair>
            <name>SharedResources/Connections/JDBC/MSF-JDBC-Connection1/UserName</name>
            <value>no value</value>
            <requiresConfiguration>true</requiresConfiguration>
        </NameValuePair>
        <NameValuePairBoolean>
            <name>MSF/Exceptions/ExceptionLogging/LogUser</name>
            <value>true</value>
            <requiresConfiguration>true</requiresConfiguration>
        </NameValuePairBoolean>
        <NameValuePairBoolean>
            <name>MSF/Exceptions/ExceptionLogging/LogTechnical</name>
            <value>true</value>
            <requiresConfiguration>true</requiresConfiguration>
        </NameValuePairBoolean>
        <NameValuePair>
            <name>SharedResources/Connections/HTTP/MSF-HTTPS-Connection1/Port</name>
            <value>6060</value>
            <requiresConfiguration>true</requiresConfiguration>
        </NameValuePair>
        <NameValuePair>
            <name>SharedResources/Connections/JMS/MSF-JMS-BPM-Connection/JNDIContextFactory</name>
            <value>com.tibco.tibjms.naming.TibjmsInitialContextFactory</value>
            <requiresConfiguration>true</requiresConfiguration>
        </NameValuePair>
        <NameValuePair>
            <name>SharedResources/Connections/JMS/MSF-JMS-Connection1/JNDIUserName</name>
            <value>tibco</value>
            <requiresConfiguration>true</requiresConfiguration>
        </NameValuePair>
        <NameValuePair>
            <name>SharedResources/Connections/JMS/MSF-JMS-Connection1/JNDIContextURL</name>
            <value>tibjmsnaming://tgs-3uk-centos64-1:7242</value>
            <requiresConfiguration>true</requiresConfiguration>
        </NameValuePair>
        <NameValuePair>
            <name>SharedResources/Connections/JMS/MSF-JMS-INT-Connection/ClientID</name>
            <value/>
            <requiresConfiguration>true</requiresConfiguration>
        </NameValuePair>
        <NameValuePairBoolean>
            <name>MSF/Audit/AuditEnabled</name>
            <value>true</value>
            <requiresConfiguration>true</requiresConfiguration>
        </NameValuePairBoolean>
        <NameValuePair>
            <name>SharedResources/Connections/JMS/MSF-JMS-INT-Connection/QueueConnectionFactory</name>
            <value>QueueConnectionFactory</value>
            <requiresConfiguration>true</requiresConfiguration>
        </NameValuePair>
        <NameValuePair>
            <name>SharedResources/Connections/JMS/MSF-JMS-INT-Connection/JNDIContextURL</name>
            <value>tibjmsnaming://172.26.253.207:7242</value>
            <requiresConfiguration>true</requiresConfiguration>
        </NameValuePair>
        <NameValuePair>
            <name>SharedResources/Connections/JMS/MSF-JMS-MON-Connection/JNDIContextURL</name>
            <value>tibjmsnaming://tgs-3uk-centos64-1:7232</value>
            <requiresConfiguration>true</requiresConfiguration>
        </NameValuePair>
        <NameValuePair>
            <name>SharedResources/Connections/JMS/MSF-JMS-BPM-Connection/JNDIUserName</name>
            <value>tibco</value>
            <requiresConfiguration>true</requiresConfiguration>
        </NameValuePair>
        <NameValuePairBoolean>
            <name>SharedResources/Connections/JMS/MSF-JMS-FOM-Connection/AutoGenerateClientID</name>
            <value>true</value>
            <requiresConfiguration>true</requiresConfiguration>
        </NameValuePairBoolean>
        <NameValuePair>
            <name>SharedResources/Connections/JMS/MSF-JMS-FOM-Connection/JNDIContextFactory</name>
            <value>com.tibco.tibjms.naming.TibjmsInitialContextFactory</value>
            <requiresConfiguration>true</requiresConfiguration>
        </NameValuePair>
        <NameValuePairInteger>
            <name>MSF/Exceptions/ExceptionLogging/LogToTopic/SleepOnRetryMillisec</name>
            <value>1000</value>
            <requiresConfiguration>true</requiresConfiguration>
        </NameValuePairInteger>
        <NameValuePairPassword>
            <name>SharedResources/Connections/JMS/MSF-JMS-Connection1/JNDIPassword</name>
            <value>#!O0J0GXL4VBEuGe9LU3OfH10WeCwACH5pQGWtlEzf4sA=</value>
            <requiresConfiguration>true</requiresConfiguration>
        </NameValuePairPassword>
        <NameValuePair>
            <name>SharedResources/Connections/JMS/MSF-JMS-FOM-Connection/QueueConnectionFactory</name>
            <value>QueueConnectionFactory</value>
            <requiresConfiguration>true</requiresConfiguration>
        </NameValuePair>
        <NameValuePair>
            <name>SharedResources/Connections/JMS/MSF-JMS-BPM-Connection/TopicConnectionFactory</name>
            <value>TopicConnectionFactory</value>
            <requiresConfiguration>true</requiresConfiguration>
        </NameValuePair>
    </NameValuePairs>
    <DeploymentDescriptorFactory>
        <name>{http://www.tibco.com/xmlns/checkpoint}BwCheckpoint</name>
        <deploymentDescriptorFactoryClassName>com.tibco.dd.bw.BwCheckpoint</deploymentDescriptorFactoryClassName>
        <deploymentDescriptorXsdFileName>com/tibco/dd/bw/BwCheckpoint.xsd</deploymentDescriptorXsdFileName>
    </DeploymentDescriptorFactory>
    <chk:BwCheckpoint xmlns:chk="http://www.tibco.com/xmlns/checkpoint">
        <name>TIBCO BusinessWorks Checkpoint Data Repository</name>
        <chk:availableSharedResourceName>/SharedResources/Connections/JDBC/MSF-JDBC-Connection1</chk:availableSharedResourceName>
        <chk:useSharedResource>false</chk:useSharedResource>
        <!--<chk:tablePrefix>MSF_Paymen_4869360</chk:tablePrefix>-->
    </chk:BwCheckpoint>
    <DeploymentDescriptorFactory>
        <name>{http://www.tibco.com/xmlns/pdconfiguration}BwBPConfigurations</name>
        <deploymentDescriptorFactoryClassName>com.tibco.dd.bw.BwBPConfigurations</deploymentDescriptorFactoryClassName>
        <deploymentDescriptorXsdFileName>com/tibco/dd/bw/BwBPConfigurations.xsd</deploymentDescriptorXsdFileName>
    </DeploymentDescriptorFactory>
    <pd:BwBPConfigurations xmlns:pd="http://www.tibco.com/xmlns/pdconfiguration">
        <name>TIBCO BusinessWorks Process Configurations</name>
        <pd:BwBPConfiguration>
            <pd:processDefinitionName>UtilityProcesses/ProcessStarters/LogOnStartup.process</pd:processDefinitionName>
            <pd:isDynamicCallProcess>false</pd:isDynamicCallProcess>
            <pd:processDefinitionStarterName>onStartup</pd:processDefinitionStarterName>
            <pd:enabled>true</pd:enabled>
            <pd:maxJobs>0</pd:maxJobs>
            <pd:activation>true</pd:activation>
            <!--<pd:flowLimit>0</pd:flowLimit>-->
        </pd:BwBPConfiguration>
        <pd:BwBPConfiguration>
            <pd:processDefinitionName>UtilityProcesses/ProcessStarters/LoggingControl.process</pd:processDefinitionName>
            <pd:isDynamicCallProcess>false</pd:isDynamicCallProcess>
            <pd:processDefinitionStarterName>Log Getter-Setter Receiver</pd:processDefinitionStarterName>
            <pd:enabled>true</pd:enabled>
            <pd:maxJobs>0</pd:maxJobs>
            <pd:activation>true</pd:activation>
            <!--<pd:flowLimit>0</pd:flowLimit>-->
        </pd:BwBPConfiguration>
        <pd:BwBPConfiguration>
            <pd:processDefinitionName>IntegrationServices/Billing/BillingPayment/BillingPaymentManagement/MC_PaymentGateway_v1/Service/MC_PaymentGateway_v1.serviceagent</pd:processDefinitionName>
            <pd:isDynamicCallProcess>false</pd:isDynamicCallProcess>
            <pd:processDefinitionStarterName>MC_PaymentGateway_v1</pd:processDefinitionStarterName>
            <pd:enabled>true</pd:enabled>
            <pd:maxJobs>0</pd:maxJobs>
            <pd:activation>true</pd:activation>
            <!--<pd:flowLimit>0</pd:flowLimit>-->
        </pd:BwBPConfiguration>
        <pd:BwBPConfiguration>
            <pd:processDefinitionName>UtilityProcesses/ProcessStarters/LogOnShutdown.process</pd:processDefinitionName>
            <pd:isDynamicCallProcess>false</pd:isDynamicCallProcess>
            <pd:processDefinitionStarterName>onShutdown</pd:processDefinitionStarterName>
            <pd:enabled>true</pd:enabled>
            <pd:maxJobs>0</pd:maxJobs>
            <pd:activation>true</pd:activation>
            <!--<pd:flowLimit>0</pd:flowLimit>-->
        </pd:BwBPConfiguration>
    </pd:BwBPConfigurations>
    <DeploymentDescriptorFactory>
        <name>{http://www.tibco.com/xmlns/dd}SupportsFaultTolerance</name>
        <deploymentDescriptorFactoryClassName>com.tibco.archive.helpers.SupportsFaultTolerance</deploymentDescriptorFactoryClassName>
    </DeploymentDescriptorFactory>
    <SupportsFaultTolerance>
        <name>SupportsFaultTolerance</name>
    </SupportsFaultTolerance>
    <NameValuePairs>
        <name>Adapter SDK Properties</name>
        <NameValuePair>
            <name>Trace.Task.*</name>
            <value>false</value>
            <description>Activity Trace Controls activity invocation trace</description>
            <requiresConfiguration>false</requiresConfiguration>
        </NameValuePair>
        <NameValuePair>
            <name>EnableMemorySavingMode</name>
            <value>false</value>
            <description>Memory Saving Mode controls process variable memory saving mode</description>
            <requiresConfiguration>false</requiresConfiguration>
        </NameValuePair>
        <NameValuePair>
            <name>bw.engine.enableJobRecovery</name>
            <value>false</value>
            <description>maintain checkpoints for failed processes enables the preservation of checkpoints for process instances that end with a fault</description>
            <requiresConfiguration>false</requiresConfiguration>
        </NameValuePair>
        <NameValuePair>
            <name>bw.engine.autoCheckpointRestart</name>
            <value>true</value>
            <description>auto checkpoint restart controls automatic restarting of checkpoints when engine first starts up</description>
            <requiresConfiguration>false</requiresConfiguration>
        </NameValuePair>
        <NameValuePair>
            <name>bw.engine.jobstats.enable</name>
            <value>false</value>
            <description>maintain job history file controls maintence of job history csv file</description>
            <requiresConfiguration>false</requiresConfiguration>
        </NameValuePair>
        <NameValuePair>
            <name>log.file.encoding</name>
            <value/>
            <description>set log file encoding controls log file encoding</description>
            <requiresConfiguration>false</requiresConfiguration>
        </NameValuePair>
        <NameValuePair>
            <name>bw.engine.emaEnabled</name>
            <value>false</value>
            <description>Enables Enterprise Management Advisor Interface Enables Enterprise Management Advisor driven process control based on resource state</description>
            <requiresConfiguration>false</requiresConfiguration>
        </NameValuePair>
        <NameValuePair>
            <name>bw.container.service</name>
            <value/>
            <description>BW Service Container Enables BW engine to be hosted within a container</description>
            <requiresConfiguration>false</requiresConfiguration>
        </NameValuePair>
        <NameValuePair>
            <name>bw.container.service.rmi.port</name>
            <value>9995</value>
            <description>BW Service Container RMI Port Enables Container Communication Port</description>
            <requiresConfiguration>false</requiresConfiguration>
        </NameValuePair>
        <NameValuePair>
            <name>bw.platform.services.retreiveresources.Enabled</name>
            <value>false</value>
            <description>Built-in Resource Provider Activation Enables Built in Resource Provider</description>
            <requiresConfiguration>false</requiresConfiguration>
        </NameValuePair>
        <NameValuePair>
            <name>bw.platform.services.retreiveresources.Hostname</name>
            <value>localhost</value>
            <description>Built-in Resource Provider Host Sets Built-in Resource Provider Host Name</description>
            <requiresConfiguration>false</requiresConfiguration>
        </NameValuePair>
        <NameValuePair>
            <name>bw.platform.services.retreiveresources.Httpport</name>
            <value>8010</value>
            <description>Built-in Resource Provider Http Port Sets Built-in Resource Provider Http Port Number</description>
            <requiresConfiguration>false</requiresConfiguration>
        </NameValuePair>
        <NameValuePair>
            <name>bw.platform.services.retreiveresources.defaultEncoding</name>
            <value>ISO8859_1</value>
            <description>Built-in Resource Provider Default Encoding Sets Built-in Resource Provider defaultEncoding</description>
            <requiresConfiguration>false</requiresConfiguration>
        </NameValuePair>
        <NameValuePair>
            <name>bw.platform.services.retreiveresources.enableLookups</name>
            <value>false</value>
            <description>Built-in Resource Provider DNS Lookups Enables Built-in Resource Provider DNS Lookups</description>
            <requiresConfiguration>false</requiresConfiguration>
        </NameValuePair>
        <NameValuePair>
            <name>bw.platform.services.retreiveresources.isSecure</name>
            <value>false</value>
            <description>Built-in Resource Provider Secure Socket Layer(SSL) support Enables Built-in Resource Provider Secure Socket Layer(SSL) support</description>
            <requiresConfiguration>false</requiresConfiguration>
        </NameValuePair>
        <NameValuePair>
            <name>bw.platform.services.retreiveresources.identity</name>
            <value>/Identity_HTTPConnection.id</value>
            <description>Built-in Resource Provider Identity  Sets Built-in Resource Provider Identity if Secure Socket Layer(SSL) support is enabled</description>
            <requiresConfiguration>false</requiresConfiguration>
        </NameValuePair>
        <NameValuePair>
            <name>bw.log4j.configuration</name>
            <value/>
            <description>Log4j Configuration File Log4j Configuration file path</description>
            <requiresConfiguration>false</requiresConfiguration>
        </NameValuePair>
    </NameValuePairs>
</DeploymentDescriptors>