<?xml version="1.0" encoding="UTF-8"?>
<DeploymentDescriptors xmlns="http://www.tibco.com/xmlns/dd">
    <name>Process Archive.par</name>
    <version>30</version>
    <owner>DEV</owner>
    <creationDate>10/14/16 6:15 PM</creationDate>
    <DeploymentDescriptorFactory>
        <name>{http://www.tibco.com/xmlns/dd}StartAsOneOf</name>
        <deploymentDescriptorFactoryClassName>com.tibco.archive.helpers.StartAsOneOf</deploymentDescriptorFactoryClassName>
    </DeploymentDescriptorFactory>
    <StartAsOneOf>
        <name>StartAsOneOf</name>
        <ComponentSoftwareReference>
            <componentSoftwareName>bwengine</componentSoftwareName>
            <minimumComponentSoftwareVersion>5.3.0.0</minimumComponentSoftwareVersion>
            <minimumTRAVersion>5.3.0.0</minimumTRAVersion>
            <configVersion>5.3.0.0</configVersion>
        </ComponentSoftwareReference>
    </StartAsOneOf>
    <DeploymentDescriptorFactory>
        <name>{http://www.tibco.com/xmlns/dd}NameValuePairs</name>
        <deploymentDescriptorFactoryClassName>com.tibco.archive.helpers.NameValuePairs</deploymentDescriptorFactoryClassName>
    </DeploymentDescriptorFactory>
    <NameValuePairs>
        <name>EXTERNAL_DEPENDENCIES</name>
        <NameValuePair>
            <name>EXTERNAL_RESOURCE_DEPENDENCY</name>
            <value>/UtilityProcesses/Tracing/TraceEnd.process,/SharedResources/SchemaDefinitions/Resource/Common/CommonDefinitions/MSF/LocalExceptionInfo_v1.xsd,/SharedResources/WebServiceDefinitions/External/BEH/Concrete/xmldsig.xsd,/SharedResources/SchemaDefinitions/External/BussnessExceptionHandler/BulkResolutionSchema.xsd,/SharedResources/Connections/JMS/MSF-JMS-INT-Connection.sharedjmscon,/SharedResources/DataFormats/OrderTemplates/OrderCompleNotificationRequestFormat.sharedparse,/SharedResources/SchemaDefinitions/CDM/Common/CommonTypes/BaseTypes_v1.xsd,/SharedResources/Java/CustomFunctions/DateUtil.javaxpath,/IntegrationServices/OrderFallout/BusinessExceptionResolution_v1/Service/BusinessExceptionResolutionService_v1.serviceagent,/IntegrationServices/OrderFallout/BulkRelease_v1/Sub/OpenandCompleteWorkItems.process,/SharedResources/Connections/JMS/Application Properties/Get Order.sharedjmsapp,/SharedResources/SchemaDefinitions/Internal/Common/CommonDefinitions/MSF/InputMessageContent_v1.xsd,/UtilityProcesses/FOSDataAccessInterfaces/Provident_PlanItemActivate.process,/SharedResources/WebServiceDefinitions/Interface/PQFBusinessEvent.wsdl,/SharedResources/SchemaDefinitions/External/BussnessExceptionHandler/OrderFalloutBusinessException.xsd,/SharedResources/SchemaDefinitions/Resource/FOS/orchestrator/sharedResources/schemas/classes/notification.xsd,/SharedResources/DataFormats/PlanItemSetTemplate/PlanItemSetResponseFormat.sharedparse,/SharedResources/WebServiceDefinitions/Interface/FOS/Concrete/jms/OrderServiceJMS.wsdl,/SharedResources/WebServiceDefinitions/Interface/ManagedEntityABE/ManagementEntityABE/SubManagementEntityABE/Concrete/ServiceName_vn.wsdl,/IntegrationServices/OrderFallout/FOSExceptionHandler_v1/Starter/PlanItemFailed_Exception.process,/UtilityProcesses/MessageContext/GetInputMessageContext.process,/SharedResources/JobSharedVariables/InputMessageContent.jobsharedvariable,/Interface/JMS/SendLog.process,/SharedResources/Policies/FOM/SecurityPolicyAssociation_WithdrawOrder.securityPolicyAssociation,/SharedResources/SchemaDefinitions/Resource/FOS/common/sharedResources/schemas/types/commonTypes.xsd,/UtilityProcesses/Exceptions/Sub/CreateExceptionInfo.process,/UtilityProcesses/FOSDataAccessInterfaces/submitOrder.process,/SharedResources/SchemaDefinitions/Resource/FC/Cim_Services.wsdl,/SharedResources/SchemaDefinitions/Resource/FOS/orchestrator/sharedResources/schemas/classes/aopd.xsd,/SharedResources/Policies/FOM/SecurityPolicyAssociation_GetOrderExecutionPlan.securityPolicyAssociation,/IntegrationServices/OrderFallout/FileInterfaceServices_v1/FileProcessService/Sub/SendOrderCompleteNotification.process,/SharedResources/DataFormats/PlanItemGetTemplates/PlanItemGetRequestFormat.sharedparse,/SharedResources/SchemaDefinitions/CDM/Product/ProductSpecification/ProductSpecificationManagement/ProductPriceSpecification_v1.xsd,/SharedResources/Connections/JDBC/MSF-JDBC-Connection1.sharedjdbc,/SharedResources/SchemaDefinitions/External/BussnessExceptionHandler/PlanItemExecuteReply.xsd,/SharedResources/JobSharedVariables/InitialServiceContext.jobsharedvariable,/IntegrationServices/OrderFallout/FileInterfaceServices_v1/FileProcessService/Sub/ExceptionQueryTechnical.process,/SharedResources/SchemaDefinitions/Resource/FC/Payload.xsd,/SharedResources/SchemaDefinitions/Internal/Common/CommonDefinitions/MSF/ServiceInstanceContext_v1.xsd,/SharedResources/Policies/FOM/SecurityPolicyAssociation_GetOMSOrders.securityPolicyAssociation,/SharedResources/DataFormats/OrderTemplates/OrdersGetRequestFormat.sharedparse,/IntegrationServices/OrderFallout/TechnicalExceptionResolution_v1/Starter/PIFResolutionReceiver.process,/IntegrationServices/OrderFallout/ExceptionClassificationHandler_v1/Starter/DeltaSynchronization.process,/SharedResources/SchemaDefinitions/Resource/FC/MasterCatalogRecord_Action.xsd,/UtilityProcesses/FOSDataAccessInterfaces/getOMSOrders.process,/SharedResources/SchemaDefinitions/CDM/Product/ProductSpecification/ProductSpecificationManagement/ProductSpecification_v1.xsd,/UtilityProcesses/Exceptions/Sub/CreateErrorReport.process,/SharedResources/SchemaDefinitions/Resource/Common/CommonDefinitions/MSF/Exception_v1.xsd,/SharedResources/DataFormats/OrderTemplates/OrderResubmitResponseFormat.sharedparse,/IntegrationServices/OrderFallout/FOSInterfaceServices_v1/Service/FOSInterfaceService.serviceagent,/SharedResources/WebServiceDefinitions/External/BEH/Concrete/xml.xsd,/SharedResources/Connections/JDBC/MSF-JDBC-FOM-Connection.sharedjdbc,/UtilityProcesses/ProcessStats/SetStatsForProcess.process,/SharedResources/Schemas/Public/Logging/LogRequest.xsd,/SharedResources/DataFormats/BusinessExceptionQueryTemplates/TriggerExceptionRequestFormat.sharedparse,/SharedResources/Java/CustomFunctions/Logging.javaxpath,/SharedResources/XML/Common/CommonDefinitions/MSF/StandardEnumerations.xml,/SharedResources/DataFormats/BusinessExceptionQueryTemplates/TriggerExceptionResponseFormat.sharedparse,/IntegrationServices/OrderFallout/FileInterfaceServices_v1/FileProcessService/Sub/PlanItemDataGet.process,/SharedResources/WebServiceDefinitions/External/BEH/BEHResolution_v1.wsdl,/SharedResources/WebServiceDefinitions/Interface/ManagedEntityABE/ManagementEntityABE/SubManagementEntityABE/ServiceName_vn.wsdl,/IntegrationServices/OrderFallout/FOSExceptionHandler_v1/Starter/PreQualificationFailed_Exception.process,/UtilityProcesses/ServiceContext/GetServiceContext.process,/IntegrationServices/OrderFallout/BulkRelease_v1/Service/BulkService.serviceagent,/SharedResources/SchemaDefinitions/CDM/Common/CommonDefinitions/UDF_v1.xsd,/SharedResources/SchemaDefinitions/Resource/FC/Workitem_Action.xsd,/SharedResources/Connections/SFTP/PrivateKey.ppk,/SharedResources/Identity/Identity.id,/SharedResources/Policies/FOM/SecurityPolicyAssociation_CancelOrder.securityPolicyAssociation,/SharedResources/SchemaDefinitions/Internal/Common/CommonDefinitions/MSF/ExceptionDefinition_v1.xsd,/SharedResources/DataFormats/TechnicalExceptionQueryTemplates/ExceptionQueryRequestFormat.sharedparse,/SharedResources/SchemaDefinitions/Internal/Common/CommonDefinitions/MSF/Enumerations_v1.xsd,/SharedResources/SchemaDefinitions/CDM/Common/CommonEnumerations/Types_v1.xsd,/SharedResources/Connections/JMS/Properties/MSF-JMS-NONSOAP-Properties.sharedjmsapp,/UtilityProcesses/ProcessStats/GetStatsForProcess.process,/SharedResources/ContextResources/InputContext.contextResource,/SharedResources/SchemaDefinitions/Resource/FOS/orchestrator/sharedResources/schemas/services/OrchestratorExecutionService.xsd,/SharedResources/XSLT/Common/CommonDefinitions/MSF/ExceptionInfoTransform.xslt,/SharedResources/WebServiceDefinitions/External/FOSOrchestration/WSDL.wsdl,/SharedResources/Connections/JMS/Application Properties/Get Plan.sharedjmsapp,/SharedResources/SchemaDefinitions/Resource/FOS/orchestrator/sharedResources/schemas/classes/plan.xsd,/UtilityProcesses/FOSDataAccessInterfaces/withdrawOrder.process,/SharedResources/Policies/BPM/SecurityPolicyAssociation_FindResources.securityPolicyAssociation,/UtilityProcesses/FOSDataAccessInterfaces/POSUpgradeNoCPP_PlanItemActivate.process,/SharedResources/ContextResources/OutputContext.contextResource,/UtilityProcesses/FOSDataAccessInterfaces/Provident_PlanItemSuspend.process,/SharedResources/DataFormats/BusinessExceptionQueryTemplates/ExceptionQueryRequestFormat.sharedparse,/SharedResources/SchemaDefinitions/Resource/FOS/oms/order.xsd,/SharedResources/SchemaDefinitions/Resource/FOS/oms/commonTypes.xsd,/SharedResources/SchemaDefinitions/Interface/BPM/brm.xsd,/UtilityProcesses/Exceptions/CreateException_JMSSendError.process,/SharedResources/SchemaDefinitions/CDM/Common/CommonEnumerations/Organisation_v1.xsd,/Interface/Helper/HandleSendFailure.process,/SharedResources/JobSharedVariables/InputMessageContext.jobsharedvariable,/IntegrationServices/OrderFallout/FileInterfaceServices_v1/FileProcessService/Sub/PlanItemResolveGeneral.process,/SharedResources/SchemaDefinitions/CDM/Common/CommonEnumerations/Status_v1.xsd,/SharedResources/SchemaDefinitions/CDM/Product/ProductSpecification/ProductSpecificationManagement/ProductAllowance_v1.xsd,/SharedResources/SharedVariables/Variable/Error Code List.sharedvariable,/SharedResources/WebServiceDefinitions/External/BulkResolution/BulkResolution.wsdl,/SharedResources/SchemaDefinitions/Interface/Product/ProductSpecification/ProductSpecificationManagement/MCFCManagement_v1.xsd,/SharedResources/SchemaDefinitions/Resource/FOS/orchestrator/sharedResources/schemas/classes/order.xsd,/UtilityProcesses/FOSDataAccessInterfaces/ChangeTariff_PlanItemSuspend.process,/SharedResources/DataFormats/OrderTemplates/OrderCompleNotificationResponseFormat.sharedparse,/UtilityProcesses/Exceptions/MakeExceptionFromInfo.process,/SharedResources/SchemaDefinitions/Resource/FOS/common/sharedResources/schemas/classes/order.xsd,/SharedResources/Schemas/Public/Exception/ExceptionRequest.xsd,/IntegrationServices/OrderFallout/ExceptionClassificationHandler_v1/Starter/OnStartup.process,/UtilityProcesses/FOSDataAccessInterfaces/ChangeTariff_PlanItemActivate.process,/IntegrationServices/OrderFallout/FileInterfaceServices_v1/FileProcessService/Starter/LocalFileProcess.process,/SharedResources/SchemaDefinitions/Resource/FOS/common/sharedResources/schemas/classes/resultStatus.xsd,/SharedResources/DataFormats/PlanItemGetTemplates/PlanItemGetResponseFormat.sharedparse,/SharedResources/SchemaDefinitions/Interface/BPM/organisation.xsd,/SharedResources/DataFormats/PlanItemResolveTemplate/PlanItemResolveBusinessFormat.sharedparse,/SharedResources/Java/CustomFunctions/Lookup.javaxpath,/SharedResources/SchemaDefinitions/Resource/FOS/orchestrator/sharedResources/schemas/classes/message.xsd,/SharedResources/SchemaDefinitions/External/BW/EngineTypes.xsd,/SharedResources/Policies/BPM/SecurityPolicyAssociation_PQFException.securityPolicyAssociation,/SharedResources/WebServiceDefinitions/Interface/BPM/WorkItemManagement.wsdl,/SharedResources/SchemaDefinitions/Resource/FOS/tds/sharedResources/schemas/services/TransientDataStoreService.xsd,/SharedResources/SchemaDefinitions/Interface/ManagedEntityABE/ManagementEntityABE/exceptionClassification/exceptionClassification.xsd,/SharedResources/SharedVariables/Common/CommonDefinitions/MSF/GlobalServiceContext.sharedvariable,/SharedResources/Policies/FOM/Identity.id,/IntegrationServices/OrderFallout/FileInterfaceServices_v1/FileProcessService/Sub/PlanItemDataSet.process,/SharedResources/SchemaDefinitions/Resource/FOS/orchestrator/sharedResources/schemas/services/OrchestratorProviderService.xsd,/IntegrationServices/OrderFallout/FileInterfaceServices_v1/FileProcessService/Sub/OrderQuery.process,/SharedResources/Connections/JMS/Application Properties/Get Plan Item.sharedjmsapp,/SharedResources/SchemaDefinitions/Interface/BPM/brmdto.xsd,/SharedResources/WebServiceDefinitions/Interface/BPM/WorkList.wsdl,/UtilityProcesses/FOSDataAccessInterfaces/getOrderExecutionPlan.process,/SharedResources/DataFormats/TechnicalExceptionQueryTemplates/ExceptionQueryResponseFormat.sharedparse,/SharedResources/Connections/JMS/Application Properties/Set-Plan-Item.sharedjmsapp,/SharedResources/SchemaDefinitions/Resource/Common/CommonDefinitions/MSF/MessageContext_v1.xsd,/IntegrationServices/OrderFallout/BulkRelease_v1/Sub/GetWorkListItems.process,/SharedResources/Connections/SFTP/psft_id_rsa.pub,/SharedResources/SchemaDefinitions/Resource/Common/CommonDefinitions/MSF/ExceptionInfoExtended_v1.xsd,/SharedResources/SchemaDefinitions/External/BussnessExceptionHandler/ResolutionSchema.xsd,/SharedResources/DataFormats/OrderTemplates/OrdersGetResponseFormat.sharedparse,/SharedResources/JobSharedVariables/OutputMessageContext.jobsharedvariable,/LogLevelControl/Schemas/LogLevelControl.xsd,/SharedResources/SchemaDefinitions/CDM/Product/ProductUsage/ProductUsageManagement/ProductUsage_v1.xsd,/IntegrationServices/OrderFallout/FileInterfaceServices_v1/FileProcessService/Sub/TriggerException.process,/SharedResources/SchemaDefinitions/Resource/Common/CommonDefinitions/MSF/ServiceContext_v1.xsd,/SharedResources/SchemaDefinitions/Internal/Common/CommonDefinitions/MSF/ExceptionInfoTransform_v1.xsd,/IntegrationServices/OrderFallout/FileInterfaceServices_v1/FileProcessService/Sub/ResubmitOrder.process,/SharedResources/WebServiceDefinitions/Interface/BPM/OrgResources.wsdl,/SharedResources/Policies/BPM/SecurityPolicyAssociation_AllocateandOpenWorkitem.securityPolicyAssociation,/SharedResources/DataFormats/BusinessExceptionQueryTemplates/ExceptionQueryResponseFormat.sharedparse,/IntegrationServices/OrderFallout/FileInterfaceServices_v1/FileProcessService/Sub/SubmitOrder.process,/SharedResources/Schemas/Public/Exception/ResolutionReply.xsd,/LogLevelControl/SharedVariable/LogLevelControl.sharedvariable,/SharedResources/SchemaDefinitions/CDM/Product/ProductTypes/ProductBaseTypes_v1.xsd,/IntegrationServices/OrderFallout/FileInterfaceServices_v1/FileProcessService/Sub/PlanItemResolveTechnical.process,/UtilityProcesses/FOSDataAccessInterfaces/cancelOrder.process,/IntegrationServices/OrderFallout/FileInterfaceServices_v1/FileProcessService/Sub/PlanItemResolveBusiness.process,/SharedResources/WebServiceDefinitions/External/CLE/ResolveExeption.wsdl,/SharedResources/WebServiceDefinitions/Interface/PIFBusinessEvent.wsdl,/SharedResources/Connections/JMS/MSF-JMS-CLE-Connection.sharedjmscon,/SharedResources/SchemaDefinitions/Resource/Common/CommonDefinitions/MSF/ExceptionMessage_v1.xsd,/SharedResources/SchemaDefinitions/CDM/Common/CommonDefinitions/Discount_v1.xsd,/SharedResources/Java/CustomFunctions/XMLUtil.javaxpath,/SharedResources/Policies/BPM/SecurityPolicyAssociation_GetWorkList.securityPolicyAssociation,/SharedResources/Policies/FOM/Security Policy.securityPolicy,/SharedResources/Policies/BPM/SecurityPolicyAssociation_CompleteWorkItem.securityPolicyAssociation,/SharedResources/WebServiceDefinitions/External/BEH/Concrete/secUtil.xsd,/SharedResources/Policies/BPM/SecurityPolicyAssociation_PIFException.securityPolicyAssociation,/SharedResources/SchemaDefinitions/Interface/BPM/scriptdescriptor.xsd,/SharedResources/SchemaDefinitions/Resource/Common/CommonDefinitions/MSF/ExceptionInfo_v1.xsd,/SharedResources/SchemaDefinitions/Internal/Common/CommonDefinitions/MSF/ProcessStats_v1.xsd,/UtilityProcesses/UUID/GenerateUUID.process,/SharedResources/SchemaDefinitions/Interface/BPM/datamodel.xsd,/SharedResources/SharedVariables/Common/CommonDefinitions/MSF/StandardEnumerations.sharedvariable,/SharedResources/SchemaDefinitions/Interface/BPM/comexception.xsd,/IntegrationServices/OrderFallout/FileInterfaceServices_v1/FileTransferService/Starter/GetRemoteFile.process,/UtilityProcesses/FOSDataAccessInterfaces/POSUpgradeNoCPP_PlanItemSuspend.process,/SharedResources/Policies/BPM/SecurityPolicy_BPM.securityPolicy,/SharedResources/DataFormats/PlanItemResolveTemplate/PlanItemResolveCLEFormat.sharedparse,/IntegrationServices/OrderFallout/FOSExceptionHandler_v1/Sub/SendException_BPM.process,/SharedResources/Connections/JMS/MSF-JMS-FOM-Connection.sharedjmscon,/SharedResources/DataFormats/PlanItemResolveTemplate/PlanItemResolveResponseFormat.sharedparse,/SharedResources/DataFormats/PlanItemResolveTemplate/PlanItemResolveGeneralFormat.sharedparse,/SharedResources/JobSharedVariables/ProcessStatistics.jobsharedvariable,/UtilityProcesses/Tracing/TraceStart.process,/SharedResources/Connections/SFTP/SFTP Connection.sharedsftp,/SharedResources/Policies/FOM/SecurityPolicyAssociation_SubmitOrder.securityPolicyAssociation,/SharedResources/SchemaDefinitions/Resource/FC/Common.xsd,/UtilityProcesses/ProcessActivityNames/GetParentProcessName.process,/SharedResources/DataFormats/PlanItemSetTemplate/PlanItemSetRequestFormat.sharedparse,/UtilityProcesses/Exceptions/Sub/CreateException.process,/SharedResources/SchemaDefinitions/CDM/Common/CommonEnumerations/DateFrequency_v1.xsd,/SharedResources/DataFormats/OrderTemplates/OrderResubmitRequestFormat.sharedparse,/SharedResources/WebServiceDefinitions/External/BEH/Concrete/secext.xsd,/SharedResources/SchemaDefinitions/Interface/ManagedEntityABE/ManagementEntityABE/SubManagementEntityABE/ServiceName_vn.xsd,/SharedResources/Connections/JDBC/MSF-JDBC-CLE-Connection.sharedjdbc,/SharedResources/Schemas/Public/Common/RequestHeader.xsd,/IntegrationServices/OrderFallout/FileInterfaceServices_v1/FileProcessService/Sub/ExceptionQueryBusiness.process,/SharedResources/WebServiceDefinitions/Interface/FOS/Concrete/http/OrderServiceHTTP.wsdl</value>
            <description>External resource configuration required by the archive.</description>
            <requiresConfiguration>false</requiresConfiguration>
            <disableConfigureAtDeployment>true</disableConfigureAtDeployment>
        </NameValuePair>
    </NameValuePairs>
    <NameValuePairs>
        <name>Runtime Variables</name>
        <NameValuePair>
            <name>SharedResources/Connections/JDBC/MSF-JDBC-Connection1/MaxConnections</name>
            <value>10</value>
            <requiresConfiguration>true</requiresConfiguration>
        </NameValuePair>
        <NameValuePairBoolean>
            <name>MSF/Logging/LogEnabled</name>
            <value>true</value>
            <requiresConfiguration>true</requiresConfiguration>
        </NameValuePairBoolean>
        <NameValuePair>
            <name>SharedResources/Connections/JMS/MSF-JMS-MON-Connection/JNDIUserName</name>
            <value>tibco</value>
            <requiresConfiguration>true</requiresConfiguration>
        </NameValuePair>
        <NameValuePair>
            <name>SharedResources/Connections/JDBC/MSF-JDBC-FOM-Connection/MaxConnections</name>
            <value>10</value>
            <requiresConfiguration>true</requiresConfiguration>
        </NameValuePair>
        <NameValuePair>
            <name>SharedResources/Connections/JMS/MSF-JMS-FOM-Connection/TopicConnectionFactory</name>
            <value>TopicConnectionFactory</value>
            <requiresConfiguration>true</requiresConfiguration>
        </NameValuePair>
        <NameValuePair>
            <name>SharedResources/Connections/JMS/MSF-JMS-FOM-Connection/QueueConnectionFactory</name>
            <value>QueueConnectionFactory</value>
            <requiresConfiguration>true</requiresConfiguration>
        </NameValuePair>
        <NameValuePairPassword>
            <name>SharedResources/Connections/JMS/MSF-JMS-INT-Connection/JNDIPassword</name>
            <value>#!JmLXS4U4sWh0Py4P//uiz0/NmZCGAjraOc/BFKmdgwo=</value>
            <requiresConfiguration>true</requiresConfiguration>
        </NameValuePairPassword>
        <NameValuePair>
            <name>IntegrationServices/OrderFallout/ExceptionHandler/ExceptionRequest/FileServiceHandler/FileName/PlanItemSet</name>
            <value>PlanItemSet</value>
            <requiresConfiguration>true</requiresConfiguration>
        </NameValuePair>
        <NameValuePair>
            <name>SharedResources/Connections/JDBC/MSF-JDBC-Connection1/JDBCDriver</name>
            <value>oracle.jdbc.driver.OracleDriver (thin)</value>
            <requiresConfiguration>true</requiresConfiguration>
        </NameValuePair>
        <NameValuePair>
            <name>SharedResources/Connections/JMS/MSF-JMS-INT-Connection/JNDIContextURL</name>
            <value>tibjmsnaming://tgs-3uk-centos64-1:7242</value>
            <requiresConfiguration>true</requiresConfiguration>
        </NameValuePair>
        <NameValuePair>
            <name>SharedResources/Connections/JMS/MSF-JMS-Connection1/ClientID</name>
            <value/>
            <requiresConfiguration>true</requiresConfiguration>
        </NameValuePair>
        <NameValuePairPassword>
            <name>SharedResources/Connections/JMS/MSF-JMS-BPM-Connection/JNDIPassword</name>
            <value>#!HdwNMEih362qnvk8Wy3nbWS7SzkVUgrzqAc0lGyxrWA=</value>
            <requiresConfiguration>true</requiresConfiguration>
        </NameValuePairPassword>
        <NameValuePairPassword>
            <name>SharedResources/Connections/JDBC/MSF-JDBC-CLE-Connection/Password</name>
            <value>#!/+fQoUHFH92hHPsZi9Tl3RCo479/ZC9zoqi7YcSCDHg=</value>
            <requiresConfiguration>true</requiresConfiguration>
        </NameValuePairPassword>
        <NameValuePair>
            <name>SharedResources/Connections/HTTP/MSF-HTTP-Connection1/Host</name>
            <value>localhost</value>
            <requiresConfiguration>true</requiresConfiguration>
        </NameValuePair>
        <NameValuePairInteger>
            <name>IntegrationServices/OrderFallout/ExceptionHandler/ExceptionRequest/PlanItemFailHandler/ServiceClient/JMSExpirationSec</name>
            <value>10</value>
            <requiresConfiguration>true</requiresConfiguration>
        </NameValuePairInteger>
        <NameValuePairBoolean>
            <name>MSF/Exceptions/ExceptionLogging/LogTechnical</name>
            <value>true</value>
            <requiresConfiguration>true</requiresConfiguration>
        </NameValuePairBoolean>
        <NameValuePair>
            <name>Destinations/Topics/MSF-XX/MSF/LogException_v1</name>
            <value>MSF-XX.PUB.TIB.LOGEXCEPTION.XML.V1</value>
            <requiresConfiguration>true</requiresConfiguration>
        </NameValuePair>
        <NameValuePair>
            <name>SharedResources/Connections/HTTP/MSF-HTTPS-Connection1/Port</name>
            <value>6060</value>
            <requiresConfiguration>true</requiresConfiguration>
        </NameValuePair>
        <NameValuePairPassword>
            <name>SharedResources/Connections/JMS/MSF-JMS-FOM-Connection/JNDIPassword</name>
            <value>#!zRNvea/9M7VhbM+N8V78bxyL62H0e7by6aNoGKdwN+Y=</value>
            <requiresConfiguration>true</requiresConfiguration>
        </NameValuePairPassword>
        <NameValuePair>
            <name>SharedResources/Connections/JMS/MSF-JMS-INT-Connection/UserName</name>
            <value>tibco</value>
            <requiresConfiguration>true</requiresConfiguration>
        </NameValuePair>
        <NameValuePair>
            <name>SharedResources/Connections/JMS/MSF-JMS-Connection1/JNDIContextURL</name>
            <value>tibjmsnaming://tgs-3uk-centos64-1:7242</value>
            <requiresConfiguration>true</requiresConfiguration>
        </NameValuePair>
        <NameValuePair>
            <name>SharedResources/Connections/JDBC/MSF-JDBC-FOM-Connection/UserName</name>
            <value>fomoms21</value>
            <requiresConfiguration>true</requiresConfiguration>
        </NameValuePair>
        <NameValuePairInteger>
            <name>MSF/Exceptions/ExceptionLogging/LogToTopic/SleepOnRetryMillisec</name>
            <value>1000</value>
            <requiresConfiguration>true</requiresConfiguration>
        </NameValuePairInteger>
        <NameValuePairPassword>
            <name>SharedResources/Connections/JDBC/MSF-JDBC-Connection1/Password</name>
            <value>#!8J6spwkIFEh4I+5UZgfY9IY+qAbQ/mUW5qntWS7I7WY=</value>
            <requiresConfiguration>true</requiresConfiguration>
        </NameValuePairPassword>
        <NameValuePair>
            <name>SharedResources/Connections/JMS/MSF-JMS-INT-Connection/ClientID</name>
            <value/>
            <requiresConfiguration>true</requiresConfiguration>
        </NameValuePair>
        <NameValuePair>
            <name>SharedResources/Connections/JDBC/MSF-JDBC-FOM-Connection/DBURL</name>
            <value>jdbc:oracle:thin:@10.97.119.25:1521:ORCL</value>
            <requiresConfiguration>true</requiresConfiguration>
        </NameValuePair>
        <NameValuePairBoolean>
            <name>MSF/Exceptions/ExceptionLogging/LogToTopic/Enabled</name>
            <value>false</value>
            <requiresConfiguration>true</requiresConfiguration>
        </NameValuePairBoolean>
        <NameValuePair>
            <name>SharedResources/Connections/JMS/MSF-JMS-BPM-Connection/JNDIContextFactory</name>
            <value>com.tibco.tibjms.naming.TibjmsInitialContextFactory</value>
            <requiresConfiguration>true</requiresConfiguration>
        </NameValuePair>
        <NameValuePair>
            <name>SharedResources/Connections/JDBC/MSF-JDBC-CLE-Connection/UserName</name>
            <value>cleuser</value>
            <requiresConfiguration>true</requiresConfiguration>
        </NameValuePair>
        <NameValuePair>
            <name>SharedResources/Connections/HTTP/MSF-HTTPS-Connection1/Host</name>
            <value>localhost</value>
            <requiresConfiguration>true</requiresConfiguration>
        </NameValuePair>
        <NameValuePair>
            <name>IntegrationServices/OrderFallout/ExceptionHandler/ExceptionRequest/FileServiceHandler/FileName/SuspendOrders</name>
            <value>SuspendOrders</value>
            <requiresConfiguration>true</requiresConfiguration>
        </NameValuePair>
        <NameValuePairInteger>
            <name>MSF/Logging/LogLevel</name>
            <value>4</value>
            <requiresConfiguration>true</requiresConfiguration>
        </NameValuePairInteger>
        <NameValuePair>
            <name>SharedResources/Connections/JMS/MSF-JMS-FOM-Connection/JNDIContextURL</name>
            <value>tibjmsnaming://tgs-3uk-centos64-1:7222</value>
            <requiresConfiguration>true</requiresConfiguration>
        </NameValuePair>
        <NameValuePairBoolean>
            <name>MSF/Exceptions/ExceptionLogging/LogPayload</name>
            <value>true</value>
            <requiresConfiguration>true</requiresConfiguration>
        </NameValuePairBoolean>
        <NameValuePair>
            <name>SharedResources/Connections/JMS/MSF-JMS-FOM-Connection/UserName</name>
            <value>tibco</value>
            <requiresConfiguration>true</requiresConfiguration>
        </NameValuePair>
        <NameValuePair>
            <name>SharedResources/Connections/JDBC/MSF-JDBC-CLE-Connection/DBURL</name>
            <value>jdbc:oracle:thin:@10.97.119.25:1521:ORCL</value>
            <requiresConfiguration>true</requiresConfiguration>
        </NameValuePair>
        <NameValuePairBoolean>
            <name>SharedResources/Connections/JMS/MSF-JMS-INT-Connection/AutoGenerateClientID</name>
            <value>true</value>
            <requiresConfiguration>true</requiresConfiguration>
        </NameValuePairBoolean>
        <NameValuePair>
            <name>SharedResources/Connections/JDBC/MSF-JDBC-CLE-Connection/JDBCDriver</name>
            <value>oracle.jdbc.driver.OracleDriver (thin)</value>
            <requiresConfiguration>true</requiresConfiguration>
        </NameValuePair>
        <NameValuePair>
            <name>SharedResources/Connections/JMS/MSF-JMS-BPM-Connection/ClientID</name>
            <value/>
            <requiresConfiguration>true</requiresConfiguration>
        </NameValuePair>
        <NameValuePairInteger>
            <name>IntegrationServices/OrderFallout/ExceptionHandler/ExceptionRequest/PlanItemFailHandler/ServiceClient/TimeoutSeec</name>
            <value>10</value>
            <requiresConfiguration>true</requiresConfiguration>
        </NameValuePairInteger>
        <NameValuePair>
            <name>SharedResources/Connections/JMS/MSF-JMS-MON-Connection/JNDIContextURL</name>
            <value>tibjmsnaming://tgs-3uk-centos64-1:7232</value>
            <requiresConfiguration>true</requiresConfiguration>
        </NameValuePair>
        <NameValuePairPassword>
            <name>SharedResources/Connections/JMS/MSF-JMS-FOM-Connection/Password</name>
            <value>#!x2LBoDv62BlODITkf6rboKA6EwbuuK9uZtATg1Ggt/8=</value>
            <requiresConfiguration>true</requiresConfiguration>
        </NameValuePairPassword>
        <NameValuePairBoolean>
            <name>MSF/Exceptions/ExceptionLogging/LogUser</name>
            <value>true</value>
            <requiresConfiguration>true</requiresConfiguration>
        </NameValuePairBoolean>
        <NameValuePair>
            <name>SharedResources/Connections/JMS/MSF-JMS-Connection1/UserName</name>
            <value>tibco</value>
            <requiresConfiguration>true</requiresConfiguration>
        </NameValuePair>
        <NameValuePair>
            <name>SharedResources/Connections/JMS/MSF-JMS-BPM-Connection/JNDIContextURL</name>
            <value>tibjmsnaming://tgs-3uk-centos64-1:7252</value>
            <requiresConfiguration>true</requiresConfiguration>
        </NameValuePair>
        <NameValuePairBoolean>
            <name>MSF/Exceptions/ExceptionLogging/LogBusiness</name>
            <value>true</value>
            <requiresConfiguration>true</requiresConfiguration>
        </NameValuePairBoolean>
        <NameValuePairBoolean>
            <name>MSF/Tracing/TraceEnabled</name>
            <value>true</value>
            <requiresConfiguration>true</requiresConfiguration>
        </NameValuePairBoolean>
        <NameValuePair>
            <name>SharedResources/Connections/JDBC/MSF-JDBC-FOM-Connection/JDBCDriver</name>
            <value>oracle.jdbc.driver.OracleDriver (thin)</value>
            <requiresConfiguration>true</requiresConfiguration>
        </NameValuePair>
        <NameValuePair>
            <name>SharedResources/Connections/JMS/MSF-JMS-MON-Connection/ClientID</name>
            <value/>
            <requiresConfiguration>true</requiresConfiguration>
        </NameValuePair>
        <NameValuePairBoolean>
            <name>SharedResources/Connections/JMS/MSF-JMS-MON-Connection/AutoGenerateClientID</name>
            <value>true</value>
            <requiresConfiguration>true</requiresConfiguration>
        </NameValuePairBoolean>
        <NameValuePair>
            <name>SharedResources/Connections/JMS/MSF-JMS-Connection1/QueueConnectionFactory</name>
            <value>QueueConnectionFactory</value>
            <requiresConfiguration>true</requiresConfiguration>
        </NameValuePair>
        <NameValuePair>
            <name>IntegrationServices/OrderFallout/ExceptionHandler/ExceptionRequest/FileServiceHandler/FileName/ListOrders</name>
            <value>OrderQuery</value>
            <requiresConfiguration>true</requiresConfiguration>
        </NameValuePair>
        <NameValuePair>
            <name>SharedResources/Connections/JMS/MSF-JMS-MON-Connection/QueueConnectionFactory</name>
            <value>QueueConnectionFactory</value>
            <requiresConfiguration>true</requiresConfiguration>
        </NameValuePair>
        <NameValuePair>
            <name>MSF/Exceptions/ExceptionLogging/ActionOnFailure</name>
            <value>CONTINUE</value>
            <requiresConfiguration>true</requiresConfiguration>
        </NameValuePair>
        <NameValuePair>
            <name>IntegrationServices/OrderFallout/ExceptionHandler/ExceptionRequest/PlanItemFailHandler/TimerInterval</name>
            <value>7200000</value>
            <requiresConfiguration>true</requiresConfiguration>
        </NameValuePair>
        <NameValuePairPassword>
            <name>SharedResources/Connections/JMS/MSF-JMS-MON-Connection/JNDIPassword</name>
            <value>#!U30hxdTfp1Xv2Ejrif+wMbUlpZeEgktSm9Zeir7KCX4=</value>
            <requiresConfiguration>true</requiresConfiguration>
        </NameValuePairPassword>
        <NameValuePairBoolean>
            <name>SharedResources/Connections/JMS/MSF-JMS-BPM-Connection/AutoGenerateClientID</name>
            <value>true</value>
            <requiresConfiguration>true</requiresConfiguration>
        </NameValuePairBoolean>
        <NameValuePair>
            <name>SharedResources/Connections/JDBC/MSF-JDBC-Connection1/UserName</name>
            <value/>
            <requiresConfiguration>true</requiresConfiguration>
        </NameValuePair>
        <NameValuePair>
            <name>SharedResources/Connections/JMS/MSF-JMS-FOM-Connection/ClientID</name>
            <value/>
            <requiresConfiguration>true</requiresConfiguration>
        </NameValuePair>
        <NameValuePair>
            <name>SharedResources/Connections/HTTP/MSF-HTTP-Connection1/Port</name>
            <value>6060</value>
            <requiresConfiguration>true</requiresConfiguration>
        </NameValuePair>
        <NameValuePairPassword>
            <name>SharedResources/Connections/JMS/MSF-JMS-MON-Connection/Password</name>
            <value>#!muofWUhhwLmG/qzM5WenaeEg46XGpQfkLSy35XJndx8=</value>
            <requiresConfiguration>true</requiresConfiguration>
        </NameValuePairPassword>
        <NameValuePair>
            <name>SharedResources/Connections/JMS/MSF-JMS-FOM-Connection/JNDIUserName</name>
            <value>tibco</value>
            <requiresConfiguration>true</requiresConfiguration>
        </NameValuePair>
        <NameValuePairPassword>
            <name>SharedResources/Connections/JMS/MSF-JMS-Connection1/JNDIPassword</name>
            <value>#!xYl9fNGTA6ymu02n6VxG8UOxEMMu6GJalpg/VgztUsM=</value>
            <requiresConfiguration>true</requiresConfiguration>
        </NameValuePairPassword>
        <NameValuePair>
            <name>SharedResources/Connections/JMS/MSF-JMS-BPM-Connection/JNDIUserName</name>
            <value>tibco</value>
            <requiresConfiguration>true</requiresConfiguration>
        </NameValuePair>
        <NameValuePairBoolean>
            <name>SharedResources/Connections/JMS/MSF-JMS-Connection1/AutoGenerateClientID</name>
            <value>true</value>
            <requiresConfiguration>true</requiresConfiguration>
        </NameValuePairBoolean>
        <NameValuePair>
            <name>SharedResources/Connections/JDBC/MSF-JDBC-Connection1/LoginTimeout</name>
            <value>0</value>
            <requiresConfiguration>true</requiresConfiguration>
        </NameValuePair>
        <NameValuePair>
            <name>IntegrationServices/OrderFallout/ExceptionHandler/ExceptionRequest/FileServiceHandler/FileName/PlanItemResolve</name>
            <value>PlanItemResolveBusiness</value>
            <requiresConfiguration>true</requiresConfiguration>
        </NameValuePair>
        <NameValuePair>
            <name>SharedResources/Connections/JMS/MSF-JMS-INT-Connection/TopicConnectionFactory</name>
            <value>TopicConnectionFactory</value>
            <requiresConfiguration>true</requiresConfiguration>
        </NameValuePair>
        <NameValuePair>
            <name>SharedResources/Connections/JMS/MSF-JMS-MON-Connection/UserName</name>
            <value>tibco</value>
            <requiresConfiguration>true</requiresConfiguration>
        </NameValuePair>
        <NameValuePairInteger>
            <name>MSF/Exceptions/ExceptionLogging/LogToTopic/Retries</name>
            <value>2</value>
            <requiresConfiguration>true</requiresConfiguration>
        </NameValuePairInteger>
        <NameValuePair>
            <name>IntegrationServices/OrderFallout/ExceptionHandler/ExceptionRequest/FileServiceHandler/FileName/PlanItemQuery</name>
            <value>PlanItemGet</value>
            <requiresConfiguration>true</requiresConfiguration>
        </NameValuePair>
        <NameValuePair>
            <name>SharedResources/Connections/JDBC/MSF-JDBC-Connection1/DBURL</name>
            <value>jdbc:oracle:thin:@10.97.119.25:1521:ORCL</value>
            <requiresConfiguration>true</requiresConfiguration>
        </NameValuePair>
        <NameValuePair>
            <name>SharedResources/Connections/JMS/MSF-JMS-MON-Connection/TopicConnectionFactory</name>
            <value>TopicConnectionFactory</value>
            <requiresConfiguration>true</requiresConfiguration>
        </NameValuePair>
        <NameValuePair>
            <name>IntegrationServices/OrderFallout/ExceptionHandler/ExceptionRequest/FileServiceHandler/FileName/ListExceptions</name>
            <value>ExceptionQuery</value>
            <requiresConfiguration>true</requiresConfiguration>
        </NameValuePair>
        <NameValuePair>
            <name>IntegrationServices/OrderFallout/ExceptionHandler/ExceptionRequest/FileServiceHandler/FileName/WithdrawOrders</name>
            <value>WithdrawOrders</value>
            <requiresConfiguration>true</requiresConfiguration>
        </NameValuePair>
        <NameValuePairPassword>
            <name>SharedResources/Connections/JMS/MSF-JMS-BPM-Connection/Password</name>
            <value>#!p7wddHQZec0Ldy1BW/awLlBj6ZDcny2zsMwbZPb9wKc=</value>
            <requiresConfiguration>true</requiresConfiguration>
        </NameValuePairPassword>
        <NameValuePair>
            <name>SharedResources/Connections/JMS/MSF-JMS-INT-Connection/JNDIUserName</name>
            <value>tibco</value>
            <requiresConfiguration>true</requiresConfiguration>
        </NameValuePair>
        <NameValuePair>
            <name>SharedResources/Connections/JMS/MSF-JMS-Connection1/JNDIUserName</name>
            <value>tibco</value>
            <requiresConfiguration>true</requiresConfiguration>
        </NameValuePair>
        <NameValuePairPassword>
            <name>SharedResources/Connections/JMS/MSF-JMS-Connection1/Password</name>
            <value>#!D8U8fZjrzfCTze30bGabLztQFJiEg1pv9NlqDc3PLdg=</value>
            <requiresConfiguration>true</requiresConfiguration>
        </NameValuePairPassword>
        <NameValuePair>
            <name>SharedResources/Connections/JMS/MSF-JMS-MON-Connection/JNDIContextFactory</name>
            <value>com.tibco.tibjms.naming.TibjmsInitialContextFactory</value>
            <requiresConfiguration>true</requiresConfiguration>
        </NameValuePair>
        <NameValuePair>
            <name>SharedResources/Connections/JMS/MSF-JMS-Connection1/JNDIContextFactory</name>
            <value>com.tibco.tibjms.naming.TibjmsInitialContextFactory</value>
            <requiresConfiguration>true</requiresConfiguration>
        </NameValuePair>
        <NameValuePair>
            <name>SharedResources/Connections/JMS/MSF-JMS-INT-Connection/QueueConnectionFactory</name>
            <value>QueueConnectionFactory</value>
            <requiresConfiguration>true</requiresConfiguration>
        </NameValuePair>
        <NameValuePair>
            <name>SharedResources/Connections/JDBC/MSF-JDBC-FOM-Connection/LoginTimeout</name>
            <value>0</value>
            <requiresConfiguration>true</requiresConfiguration>
        </NameValuePair>
        <NameValuePair>
            <name>SharedResources/Connections/JDBC/MSF-JDBC-CLE-Connection/LoginTimeout</name>
            <value>0</value>
            <requiresConfiguration>true</requiresConfiguration>
        </NameValuePair>
        <NameValuePair>
            <name>SharedResources/Connections/JDBC/MSF-JDBC-CLE-Connection/MaxConnections</name>
            <value>10</value>
            <requiresConfiguration>true</requiresConfiguration>
        </NameValuePair>
        <NameValuePairPassword>
            <name>SharedResources/Connections/JMS/MSF-JMS-INT-Connection/Password</name>
            <value>#!pgAOY0LprdOJxtri8tyXS1AUPEhk8rIq4zK0hFNyZNI=</value>
            <requiresConfiguration>true</requiresConfiguration>
        </NameValuePairPassword>
        <NameValuePairBoolean>
            <name>SharedResources/Connections/JMS/MSF-JMS-FOM-Connection/AutoGenerateClientID</name>
            <value>true</value>
            <requiresConfiguration>true</requiresConfiguration>
        </NameValuePairBoolean>
        <NameValuePairBoolean>
            <name>MSF/Audit/AuditEnabled</name>
            <value>true</value>
            <requiresConfiguration>true</requiresConfiguration>
        </NameValuePairBoolean>
        <NameValuePair>
            <name>SharedResources/Connections/JMS/MSF-JMS-Connection1/TopicConnectionFactory</name>
            <value>TopicConnectionFactory</value>
            <requiresConfiguration>true</requiresConfiguration>
        </NameValuePair>
        <NameValuePair>
            <name>SharedResources/Connections/JMS/MSF-JMS-FOM-Connection/JNDIContextFactory</name>
            <value>com.tibco.tibjms.naming.TibjmsInitialContextFactory</value>
            <requiresConfiguration>true</requiresConfiguration>
        </NameValuePair>
        <NameValuePair>
            <name>SharedResources/Connections/JMS/MSF-JMS-INT-Connection/JNDIContextFactory</name>
            <value>com.tibco.tibjms.naming.TibjmsInitialContextFactory</value>
            <requiresConfiguration>true</requiresConfiguration>
        </NameValuePair>
        <NameValuePair>
            <name>SharedResources/Connections/JMS/MSF-JMS-BPM-Connection/TopicConnectionFactory</name>
            <value>TopicConnectionFactory</value>
            <requiresConfiguration>true</requiresConfiguration>
        </NameValuePair>
        <NameValuePair>
            <name>SharedResources/Connections/JMS/MSF-JMS-BPM-Connection/QueueConnectionFactory</name>
            <value>QueueConnectionFactory</value>
            <requiresConfiguration>true</requiresConfiguration>
        </NameValuePair>
        <NameValuePair>
            <name>SharedResources/Connections/JMS/MSF-JMS-BPM-Connection/UserName</name>
            <value>tibco</value>
            <requiresConfiguration>true</requiresConfiguration>
        </NameValuePair>
        <NameValuePairPassword>
            <name>SharedResources/Connections/JDBC/MSF-JDBC-FOM-Connection/Password</name>
            <value>#!ATM5iOUKBagE6ROkgCZSNALt73Vs/UCYGiBN3t6jN/o=</value>
            <requiresConfiguration>true</requiresConfiguration>
        </NameValuePairPassword>
    </NameValuePairs>
    <DeploymentDescriptorFactory>
        <name>{http://www.tibco.com/xmlns/checkpoint}BwCheckpoint</name>
        <deploymentDescriptorFactoryClassName>com.tibco.dd.bw.BwCheckpoint</deploymentDescriptorFactoryClassName>
        <deploymentDescriptorXsdFileName>com/tibco/dd/bw/BwCheckpoint.xsd</deploymentDescriptorXsdFileName>
    </DeploymentDescriptorFactory>
    <chk:BwCheckpoint xmlns:chk="http://www.tibco.com/xmlns/checkpoint">
        <name>TIBCO BusinessWorks Checkpoint Data Repository</name>
        <chk:availableSharedResourceName>/SharedResources/Connections/JDBC/MSF-JDBC-CLE-Connection</chk:availableSharedResourceName>
        <chk:availableSharedResourceName>/SharedResources/Connections/JDBC/MSF-JDBC-Connection1</chk:availableSharedResourceName>
        <chk:availableSharedResourceName>/SharedResources/Connections/JDBC/MSF-JDBC-FOM-Connection</chk:availableSharedResourceName>
        <chk:useSharedResource>false</chk:useSharedResource>
        <!--<chk:tablePrefix>Process_Ar_59561608</chk:tablePrefix>-->
    </chk:BwCheckpoint>
    <DeploymentDescriptorFactory>
        <name>{http://www.tibco.com/xmlns/pdconfiguration}BwBPConfigurations</name>
        <deploymentDescriptorFactoryClassName>com.tibco.dd.bw.BwBPConfigurations</deploymentDescriptorFactoryClassName>
        <deploymentDescriptorXsdFileName>com/tibco/dd/bw/BwBPConfigurations.xsd</deploymentDescriptorXsdFileName>
    </DeploymentDescriptorFactory>
    <pd:BwBPConfigurations xmlns:pd="http://www.tibco.com/xmlns/pdconfiguration">
        <name>TIBCO BusinessWorks Process Configurations</name>
        <pd:BwBPConfiguration>
            <pd:processDefinitionName>IntegrationServices/OrderFallout/FOSExceptionHandler_v1/Starter/PlanItemFailed_Exception.process</pd:processDefinitionName>
            <pd:isDynamicCallProcess>false</pd:isDynamicCallProcess>
            <pd:processDefinitionStarterName>PlanItemFailed Request</pd:processDefinitionStarterName>
            <pd:enabled>true</pd:enabled>
            <pd:maxJobs>0</pd:maxJobs>
            <pd:activation>true</pd:activation>
            <!--<pd:flowLimit>0</pd:flowLimit>-->
        </pd:BwBPConfiguration>
        <pd:BwBPConfiguration>
            <pd:processDefinitionName>UtilityProcesses/FOSDataAccessInterfaces/Provident_PlanItemSuspend.process</pd:processDefinitionName>
            <pd:isDynamicCallProcess>false</pd:isDynamicCallProcess>
            <pd:processDefinitionStarterName>Receive PlanItem Suspend Request</pd:processDefinitionStarterName>
            <pd:enabled>true</pd:enabled>
            <pd:maxJobs>0</pd:maxJobs>
            <pd:activation>true</pd:activation>
            <!--<pd:flowLimit>0</pd:flowLimit>-->
        </pd:BwBPConfiguration>
        <pd:BwBPConfiguration>
            <pd:processDefinitionName>IntegrationServices/OrderFallout/FOSExceptionHandler_v1/Starter/PreQualificationFailed_Exception.process</pd:processDefinitionName>
            <pd:isDynamicCallProcess>false</pd:isDynamicCallProcess>
            <pd:processDefinitionStarterName>PreQualificationFailed Request</pd:processDefinitionStarterName>
            <pd:enabled>true</pd:enabled>
            <pd:maxJobs>0</pd:maxJobs>
            <pd:activation>true</pd:activation>
            <!--<pd:flowLimit>0</pd:flowLimit>-->
        </pd:BwBPConfiguration>
        <pd:BwBPConfiguration>
            <pd:processDefinitionName>IntegrationServices/OrderFallout/BulkRelease_v1/Service/BulkService.serviceagent</pd:processDefinitionName>
            <pd:isDynamicCallProcess>false</pd:isDynamicCallProcess>
            <pd:processDefinitionStarterName>BulkService</pd:processDefinitionStarterName>
            <pd:enabled>true</pd:enabled>
            <pd:maxJobs>0</pd:maxJobs>
            <pd:activation>true</pd:activation>
            <!--<pd:flowLimit>0</pd:flowLimit>-->
        </pd:BwBPConfiguration>
        <pd:BwBPConfiguration>
            <pd:processDefinitionName>IntegrationServices/OrderFallout/ExceptionClassificationHandler_v1/Starter/DeltaSynchronization.process</pd:processDefinitionName>
            <pd:isDynamicCallProcess>false</pd:isDynamicCallProcess>
            <pd:processDefinitionStarterName>Timer</pd:processDefinitionStarterName>
            <pd:enabled>true</pd:enabled>
            <pd:maxJobs>0</pd:maxJobs>
            <pd:activation>true</pd:activation>
            <!--<pd:flowLimit>0</pd:flowLimit>-->
        </pd:BwBPConfiguration>
        <pd:BwBPConfiguration>
            <pd:processDefinitionName>UtilityProcesses/FOSDataAccessInterfaces/Provident_PlanItemActivate.process</pd:processDefinitionName>
            <pd:isDynamicCallProcess>false</pd:isDynamicCallProcess>
            <pd:processDefinitionStarterName>Receive PlanItem Activate Request</pd:processDefinitionStarterName>
            <pd:enabled>true</pd:enabled>
            <pd:maxJobs>0</pd:maxJobs>
            <pd:activation>true</pd:activation>
            <!--<pd:flowLimit>0</pd:flowLimit>-->
        </pd:BwBPConfiguration>
        <pd:BwBPConfiguration>
            <pd:processDefinitionName>IntegrationServices/OrderFallout/ExceptionClassificationHandler_v1/Starter/OnStartup.process</pd:processDefinitionName>
            <pd:isDynamicCallProcess>false</pd:isDynamicCallProcess>
            <pd:processDefinitionStarterName>onStartup</pd:processDefinitionStarterName>
            <pd:enabled>true</pd:enabled>
            <pd:maxJobs>0</pd:maxJobs>
            <pd:activation>true</pd:activation>
            <!--<pd:flowLimit>0</pd:flowLimit>-->
        </pd:BwBPConfiguration>
        <pd:BwBPConfiguration>
            <pd:processDefinitionName>UtilityProcesses/FOSDataAccessInterfaces/ChangeTariff_PlanItemSuspend.process</pd:processDefinitionName>
            <pd:isDynamicCallProcess>false</pd:isDynamicCallProcess>
            <pd:processDefinitionStarterName>Receive PlanItem Suspend Request</pd:processDefinitionStarterName>
            <pd:enabled>true</pd:enabled>
            <pd:maxJobs>0</pd:maxJobs>
            <pd:activation>true</pd:activation>
            <!--<pd:flowLimit>0</pd:flowLimit>-->
        </pd:BwBPConfiguration>
        <pd:BwBPConfiguration>
            <pd:processDefinitionName>IntegrationServices/OrderFallout/FileInterfaceServices_v1/FileTransferService/Starter/GetRemoteFile.process</pd:processDefinitionName>
            <pd:isDynamicCallProcess>false</pd:isDynamicCallProcess>
            <pd:processDefinitionStarterName>RemoteFile PollerTimer</pd:processDefinitionStarterName>
            <pd:enabled>true</pd:enabled>
            <pd:maxJobs>0</pd:maxJobs>
            <pd:activation>true</pd:activation>
            <!--<pd:flowLimit>0</pd:flowLimit>-->
        </pd:BwBPConfiguration>
        <pd:BwBPConfiguration>
            <pd:processDefinitionName>UtilityProcesses/FOSDataAccessInterfaces/POSUpgradeNoCPP_PlanItemActivate.process</pd:processDefinitionName>
            <pd:isDynamicCallProcess>false</pd:isDynamicCallProcess>
            <pd:processDefinitionStarterName>Receive PlanItem Activate Request</pd:processDefinitionStarterName>
            <pd:enabled>true</pd:enabled>
            <pd:maxJobs>0</pd:maxJobs>
            <pd:activation>true</pd:activation>
            <!--<pd:flowLimit>0</pd:flowLimit>-->
        </pd:BwBPConfiguration>
        <pd:BwBPConfiguration>
            <pd:processDefinitionName>IntegrationServices/OrderFallout/FOSInterfaceServices_v1/Service/FOSInterfaceService.serviceagent</pd:processDefinitionName>
            <pd:isDynamicCallProcess>false</pd:isDynamicCallProcess>
            <pd:processDefinitionStarterName>FOSInterfaceService</pd:processDefinitionStarterName>
            <pd:enabled>true</pd:enabled>
            <pd:maxJobs>0</pd:maxJobs>
            <pd:activation>true</pd:activation>
            <!--<pd:flowLimit>0</pd:flowLimit>-->
        </pd:BwBPConfiguration>
        <pd:BwBPConfiguration>
            <pd:processDefinitionName>UtilityProcesses/FOSDataAccessInterfaces/ChangeTariff_PlanItemActivate.process</pd:processDefinitionName>
            <pd:isDynamicCallProcess>false</pd:isDynamicCallProcess>
            <pd:processDefinitionStarterName>Receive PlanItem Activate Request</pd:processDefinitionStarterName>
            <pd:enabled>true</pd:enabled>
            <pd:maxJobs>0</pd:maxJobs>
            <pd:activation>true</pd:activation>
            <!--<pd:flowLimit>0</pd:flowLimit>-->
        </pd:BwBPConfiguration>
        <pd:BwBPConfiguration>
            <pd:processDefinitionName>IntegrationServices/OrderFallout/FileInterfaceServices_v1/FileProcessService/Starter/LocalFileProcess.process</pd:processDefinitionName>
            <pd:isDynamicCallProcess>false</pd:isDynamicCallProcess>
            <pd:processDefinitionStarterName>File Poller</pd:processDefinitionStarterName>
            <pd:enabled>true</pd:enabled>
            <pd:maxJobs>0</pd:maxJobs>
            <pd:activation>true</pd:activation>
            <!--<pd:flowLimit>0</pd:flowLimit>-->
        </pd:BwBPConfiguration>
        <pd:BwBPConfiguration>
            <pd:processDefinitionName>IntegrationServices/OrderFallout/TechnicalExceptionResolution_v1/Starter/PIFResolutionReceiver.process</pd:processDefinitionName>
            <pd:isDynamicCallProcess>false</pd:isDynamicCallProcess>
            <pd:processDefinitionStarterName>JMS Queue Receiver</pd:processDefinitionStarterName>
            <pd:enabled>true</pd:enabled>
            <pd:maxJobs>0</pd:maxJobs>
            <pd:activation>true</pd:activation>
            <!--<pd:flowLimit>0</pd:flowLimit>-->
        </pd:BwBPConfiguration>
        <pd:BwBPConfiguration>
            <pd:processDefinitionName>UtilityProcesses/FOSDataAccessInterfaces/POSUpgradeNoCPP_PlanItemSuspend.process</pd:processDefinitionName>
            <pd:isDynamicCallProcess>false</pd:isDynamicCallProcess>
            <pd:processDefinitionStarterName>Receive PlanItem Suspend Request</pd:processDefinitionStarterName>
            <pd:enabled>true</pd:enabled>
            <pd:maxJobs>0</pd:maxJobs>
            <pd:activation>true</pd:activation>
            <!--<pd:flowLimit>0</pd:flowLimit>-->
        </pd:BwBPConfiguration>
        <pd:BwBPConfiguration>
            <pd:processDefinitionName>IntegrationServices/OrderFallout/BusinessExceptionResolution_v1/Service/BusinessExceptionResolutionService_v1.serviceagent</pd:processDefinitionName>
            <pd:isDynamicCallProcess>false</pd:isDynamicCallProcess>
            <pd:processDefinitionStarterName>BusinessExceptionResolutionService_v1</pd:processDefinitionStarterName>
            <pd:enabled>true</pd:enabled>
            <pd:maxJobs>0</pd:maxJobs>
            <pd:activation>true</pd:activation>
            <!--<pd:flowLimit>0</pd:flowLimit>-->
        </pd:BwBPConfiguration>
    </pd:BwBPConfigurations>
    <DeploymentDescriptorFactory>
        <name>{http://www.tibco.com/xmlns/dd}SupportsFaultTolerance</name>
        <deploymentDescriptorFactoryClassName>com.tibco.archive.helpers.SupportsFaultTolerance</deploymentDescriptorFactoryClassName>
    </DeploymentDescriptorFactory>
    <SupportsFaultTolerance>
        <name>SupportsFaultTolerance</name>
    </SupportsFaultTolerance>
    <NameValuePairs>
        <name>Adapter SDK Properties</name>
        <NameValuePair>
            <name>Trace.Task.*</name>
            <value>false</value>
            <description>Activity Trace Controls activity invocation trace</description>
            <requiresConfiguration>false</requiresConfiguration>
        </NameValuePair>
        <NameValuePair>
            <name>EnableMemorySavingMode</name>
            <value>false</value>
            <description>Memory Saving Mode controls process variable memory saving mode</description>
            <requiresConfiguration>false</requiresConfiguration>
        </NameValuePair>
        <NameValuePair>
            <name>bw.engine.enableJobRecovery</name>
            <value>false</value>
            <description>maintain checkpoints for failed processes enables the preservation of checkpoints for process instances that end with a fault</description>
            <requiresConfiguration>false</requiresConfiguration>
        </NameValuePair>
        <NameValuePair>
            <name>bw.engine.autoCheckpointRestart</name>
            <value>true</value>
            <description>auto checkpoint restart controls automatic restarting of checkpoints when engine first starts up</description>
            <requiresConfiguration>false</requiresConfiguration>
        </NameValuePair>
        <NameValuePair>
            <name>bw.engine.jobstats.enable</name>
            <value>false</value>
            <description>maintain job history file controls maintence of job history csv file</description>
            <requiresConfiguration>false</requiresConfiguration>
        </NameValuePair>
        <NameValuePair>
            <name>log.file.encoding</name>
            <value/>
            <description>set log file encoding controls log file encoding</description>
            <requiresConfiguration>false</requiresConfiguration>
        </NameValuePair>
        <NameValuePair>
            <name>bw.engine.emaEnabled</name>
            <value>false</value>
            <description>Enables Enterprise Management Advisor Interface Enables Enterprise Management Advisor driven process control based on resource state</description>
            <requiresConfiguration>false</requiresConfiguration>
        </NameValuePair>
        <NameValuePair>
            <name>bw.container.service</name>
            <value/>
            <description>BW Service Container Enables BW engine to be hosted within a container</description>
            <requiresConfiguration>false</requiresConfiguration>
        </NameValuePair>
        <NameValuePair>
            <name>bw.container.service.rmi.port</name>
            <value>9995</value>
            <description>BW Service Container RMI Port Enables Container Communication Port</description>
            <requiresConfiguration>false</requiresConfiguration>
        </NameValuePair>
        <NameValuePair>
            <name>bw.platform.services.retreiveresources.Enabled</name>
            <value>false</value>
            <description>Built-in Resource Provider Activation Enables Built in Resource Provider</description>
            <requiresConfiguration>false</requiresConfiguration>
        </NameValuePair>
        <NameValuePair>
            <name>bw.platform.services.retreiveresources.Hostname</name>
            <value>localhost</value>
            <description>Built-in Resource Provider Host Sets Built-in Resource Provider Host Name</description>
            <requiresConfiguration>false</requiresConfiguration>
        </NameValuePair>
        <NameValuePair>
            <name>bw.platform.services.retreiveresources.Httpport</name>
            <value>8010</value>
            <description>Built-in Resource Provider Http Port Sets Built-in Resource Provider Http Port Number</description>
            <requiresConfiguration>false</requiresConfiguration>
        </NameValuePair>
        <NameValuePair>
            <name>bw.platform.services.retreiveresources.defaultEncoding</name>
            <value>ISO8859_1</value>
            <description>Built-in Resource Provider Default Encoding Sets Built-in Resource Provider defaultEncoding</description>
            <requiresConfiguration>false</requiresConfiguration>
        </NameValuePair>
        <NameValuePair>
            <name>bw.platform.services.retreiveresources.enableLookups</name>
            <value>false</value>
            <description>Built-in Resource Provider DNS Lookups Enables Built-in Resource Provider DNS Lookups</description>
            <requiresConfiguration>false</requiresConfiguration>
        </NameValuePair>
        <NameValuePair>
            <name>bw.platform.services.retreiveresources.isSecure</name>
            <value>false</value>
            <description>Built-in Resource Provider Secure Socket Layer(SSL) support Enables Built-in Resource Provider Secure Socket Layer(SSL) support</description>
            <requiresConfiguration>false</requiresConfiguration>
        </NameValuePair>
        <NameValuePair>
            <name>bw.platform.services.retreiveresources.identity</name>
            <value>/Identity_HTTPConnection.id</value>
            <description>Built-in Resource Provider Identity  Sets Built-in Resource Provider Identity if Secure Socket Layer(SSL) support is enabled</description>
            <requiresConfiguration>false</requiresConfiguration>
        </NameValuePair>
        <NameValuePair>
            <name>bw.log4j.configuration</name>
            <value/>
            <description>Log4j Configuration File Log4j Configuration file path</description>
            <requiresConfiguration>false</requiresConfiguration>
        </NameValuePair>
    </NameValuePairs>
</DeploymentDescriptors>