<?xml version="1.0" encoding="UTF-8"?>
<DeploymentDescriptors xmlns="http://www.tibco.com/xmlns/dd">
    <name>Process Archive.par</name>
    <version>19</version>
    <owner>nkumari</owner>
    <creationDate>4/14/16 5:02 PM</creationDate>
    <DeploymentDescriptorFactory>
        <name>{http://www.tibco.com/xmlns/dd}StartAsOneOf</name>
        <deploymentDescriptorFactoryClassName>com.tibco.archive.helpers.StartAsOneOf</deploymentDescriptorFactoryClassName>
    </DeploymentDescriptorFactory>
    <StartAsOneOf>
        <name>StartAsOneOf</name>
        <ComponentSoftwareReference>
            <componentSoftwareName>bwengine</componentSoftwareName>
            <minimumComponentSoftwareVersion>5.3.0.0</minimumComponentSoftwareVersion>
            <minimumTRAVersion>5.3.0.0</minimumTRAVersion>
            <configVersion>5.3.0.0</configVersion>
        </ComponentSoftwareReference>
    </StartAsOneOf>
    <DeploymentDescriptorFactory>
        <name>{http://www.tibco.com/xmlns/dd}NameValuePairs</name>
        <deploymentDescriptorFactoryClassName>com.tibco.archive.helpers.NameValuePairs</deploymentDescriptorFactoryClassName>
    </DeploymentDescriptorFactory>
    <NameValuePairs>
        <name>EXTERNAL_DEPENDENCIES</name>
        <NameValuePair>
            <name>EXTERNAL_RESOURCE_DEPENDENCY</name>
            <value>/AESchemas/ae/adapter/ldap/openLDAP/.folder,/SharedResources/SchemaDefinitions/Resource/Common/CommonDefinitions/MSF/LocalExceptionInfo_v1.xsd,/SharedResources/SchemaDefinitions/CDM/Billing/BillingCommon/BillingEnumerations/BillingTypes_v1.xsd,/SharedResources/SchemaDefinitions/CDM/Billing/BillingPayment/BillingPaymentManagement/PaymentType_v1.xsd,/SharedResources/Connections/JMS/MSF-JMS-INT-Connection.sharedjmscon,/AESchemas/ae/ADB/adbmetadata.aeschema,/SharedResources/SchemaDefinitions/CDM/Common/CommonTypes/BaseTypes_v1.xsd,/SharedResources/Schemas/Public/Exception/ExceptionRequest.xsd,/SharedResources/SchemaDefinitions/CDM/Common/CommonDefinitions/Address_v1.xsd,/SharedResources/Java/CustomFunctions/DateUtil.javaxpath,/AESchemas/ae/PeopleSoft/Request.aeschema,/SharedResources/SchemaDefinitions/CDM/Customer/CustomerInteraction/CustomerInteractionManagement/CustomerProblemInteraction_v1.xsd,/SharedResources/SchemaDefinitions/CDM/Billing/BillingPayment/BillingPaymentManagement/AddToBill_V1.xsd,/SharedResources/SchemaDefinitions/CDM/Common/CommonDefinitions/Appointments_v1.xsd,/SharedResources/SchemaDefinitions/CDM/Product/ProductOffering/ProductOfferingManagement/ProductOffering_v1.xsd,/IntegrationServices/Customer/CustomerAccount/CustomerAccountManagement/UpdateLDAP_v1/InitialPeopleSoftToLDAP/Starter/LDAPUserRoleInitialLoadSimplified.process,/AESchemas/ae/Common.aeschema,/UtilityProcesses/ProcessStarters/LoggingControl.process,/SharedResources/SchemaDefinitions/Internal/Common/CommonDefinitions/MSF/InputMessageContent_v1.xsd,/SharedResources/SchemaDefinitions/CDM/Order/OrderTypes/OrderBaseTypes_v1.xsd,/SharedResources/Java/CustomFunctions/Lookup.javaxpath,/SharedResources/SchemaDefinitions/External/BW/EngineTypes.xsd,/AESchemas/ae/ADB/PeopleSoftADBRoleUserPublisher1.aeschema,/SharedResources/SharedVariables/Common/CommonDefinitions/MSF/GlobalServiceContext.sharedvariable,/SharedResources/JobSharedVariables/InputMessageContent.jobsharedvariable,/SharedResources/SchemaDefinitions/CDM/Common/CommonDefinitions/Individual_v1.xsd,/SharedResources/SchemaDefinitions/CDM/Common/CommonDefinitions/PartyRole_v1.xsd,/SharedResources/SchemaDefinitions/CDM/Customer/CustomerInteraction/CustomerInteractionManagement/CustomerInquiryInteraction_v1.xsd,/AESchemas/ae/scalar/ae.aeschema,/SharedResources/SchemaDefinitions/CDM/Offer/OfferTypes/OfferBaseTypes_v1.xsd,/SharedResources/WebServiceDefinitions/Interface/Customer/CustomerAccount/CustomerAccountManagement/MCPeopleSoft_v1.wsdl,/SharedResources/SchemaDefinitions/CDM/Billing/BillingPayment/BillingPaymentManagement/Cash_v1.xsd,/SharedResources/SchemaDefinitions/CDM/Billing/BillingPayment/BillingPaymentManagement/ChequeDetails_v1.xsd,/SharedResources/SchemaDefinitions/Internal/Common/CommonDefinitions/MSF/LoggingControl_v1.xsd,/AESchemas/ae/adapter/ldap/otherLDAPServer/tgs-3uk-centos64-1.localdomain/ReplySchema.aeschema,/AESchemas/ae/PeopleSoft/Common.aeschema,/SharedResources/SchemaDefinitions/Resource/Common/CommonDefinitions/MSF/MessageContext_v1.xsd,/SharedResources/SchemaDefinitions/CDM/Billing/BillingPayment/BillingPaymentManagement/PaymentDetails_v1.xsd,/SharedResources/SchemaDefinitions/Resource/Common/CommonDefinitions/MSF/ExceptionInfoExtended_v1.xsd,/IntegrationServices/Customer/CustomerAccount/CustomerAccountManagement/UpdateLDAP_v1/LDAPOperatorDefinitionSync/Starter/LDAPOperatorDefSync.process,/SharedResources/SchemaDefinitions/CDM/Asset/AssetCommon/AssetEnumerations/AssetStatus_v1.xsd,/SharedResources/JobSharedVariables/OutputMessageContext.jobsharedvariable,/LogLevelControl/Schemas/LogLevelControl.xsd,/SharedResources/SchemaDefinitions/CDM/Product/ProductUsage/ProductUsageManagement/ProductUsage_v1.xsd,/SharedResources/SchemaDefinitions/CDM/Order/OrderItemDefinition/Order_v1.xsd,/SharedResources/SchemaDefinitions/CDM/Product/ProductSpecification/ProductSpecificationManagement/ProductPriceSpecification_v1.xsd,/SharedResources/SchemaDefinitions/CDM/Order/OrderItemDefinition/OrderItem_v1.xsd,/SharedResources/Connections/JDBC/MSF-JDBC-Connection1.sharedjdbc,/SharedResources/SchemaDefinitions/CDM/Customer/CustomerProfile/CustomerPersonalInformationManagement/CustomerCharacteristics_v1.xsd,/SharedResources/SchemaDefinitions/CDM/Customer/CustomerProfile/CustomerCreditProfileManagement/CustomerCreditProfile_v1.xsd,/SharedResources/SchemaDefinitions/Interface/Customer/CustomerAccount/CustomerAccountManagement/MCPeoplesoft_v1.xsd,/AESchemas/ae.aeschema,/SharedResources/SchemaDefinitions/Resource/Common/CommonDefinitions/MSF/ServiceContext_v1.xsd,/SharedResources/SchemaDefinitions/Internal/Common/CommonDefinitions/MSF/ExceptionInfoTransform_v1.xsd,/SharedResources/JobSharedVariables/InitialServiceContext.jobsharedvariable,/SharedResources/SchemaDefinitions/CDM/Asset/AssetCommon/AssetEnumerations/AssetTypes_v1.xsd,/AESchemas/ae/ldap/otherLDAPServer/tgs-3uk-centos64-1.localdomain.aeschema,/LogLevelControl/SharedVariable/LogLevelControl.sharedvariable,/SharedResources/SchemaDefinitions/CDM/Common/CommonDefinitions/Interaction_v1.xsd,/SharedResources/SchemaDefinitions/CDM/Product/ProductTypes/ProductBaseTypes_v1.xsd,/SharedResources/SchemaDefinitions/CDM/Asset/AssetSpecification/Location_v1.xsd,/AESchemas/ae/adapter/ldap/openLDAP/tgs-3uk-centos64-1.localdomain/ReplySchema.aeschema,/SharedResources/SchemaDefinitions/CDM/Customer/CustomerAccount/CustomerAccountManagement/CustomerAccount_v1.xsd,/SharedResources/SchemaDefinitions/CDM/Billing/BillingPayment/BillingPaymentManagement/DebitCardDetails_v1.xsd,/SharedResources/SchemaDefinitions/CDM/Product/ProductSpecification/ProductSpecificationManagement/ProductSpecification_v1.xsd,/AESchemas/sequence/ae/Common.aeschema,/SharedResources/SchemaDefinitions/CDM/Customer/CustomerTypes/CustomerBaseTypes_v1.xsd,/SharedResources/SchemaDefinitions/Resource/Common/CommonDefinitions/MSF/Exception_v1.xsd,/SharedResources/Schemas/Public/Logging/LogRequest.xsd,/SharedResources/Java/CustomFunctions/Logging.javaxpath,/SharedResources/XML/Common/CommonDefinitions/MSF/StandardEnumerations.xml,/SharedResources/SchemaDefinitions/CDM/Offer/OfferItemDefinition/OfferItem_v1.xsd,/UtilityProcesses/ProcessStarters/LogOnStartup.process,/AdapterConfigurations/LDAP/LDAPAdapterConfiguration.adldap#adapter.ldap,/UtilityProcesses/ProcessStarters/LogOnShutdown.process,/SharedResources/Connections/JMS/MSF-JMS-CLE-Connection.sharedjmscon,/SharedResources/SchemaDefinitions/Resource/Common/CommonDefinitions/MSF/ExceptionMessage_v1.xsd,/SharedResources/SchemaDefinitions/CDM/Common/CommonDefinitions/Discount_v1.xsd,/AESchemas/ae/adapter/ldap/openLDAP/tgs-3uk-centos64-1.localdomain/.folder,/AESchemas/ae/adapter/ldap/otherLDAPServer/tgs-3uk-centos64-1.localdomain/native.aeschema,/SharedResources/SchemaDefinitions/CDM/Common/CommonDefinitions/UDF_v1.xsd,/SharedResources/Java/CustomFunctions/XMLUtil.javaxpath,/IntegrationServices/Customer/CustomerAccount/CustomerAccountManagement/UpdateLDAP_v1/LDAPUserRoleSync/Starter/LDAPUserRoleSync.process,/SharedResources/SchemaDefinitions/CDM/Billing/BillingTypes/BillingBaseTypes_v1.xsd,/AdapterConfigurations/ADB/PeopleSoftADBRoleUserPublisher1.adb#adapter.PeopleSoftADBRoleUserPublisher1,/SharedResources/SchemaDefinitions/Resource/Common/CommonDefinitions/MSF/ExceptionInfo_v1.xsd,/SharedResources/SchemaDefinitions/Internal/Common/CommonDefinitions/MSF/ExceptionDefinition_v1.xsd,/SharedResources/WebServiceDefinitions/Interface/Customer/CustomerAccount/CustomerAccountManagement/Concrete/MCPeopleSoft_v1.wsdl,/SharedResources/SchemaDefinitions/Internal/Common/CommonDefinitions/MSF/ProcessStats_v1.xsd,/IntegrationServices/Customer/CustomerAccount/CustomerAccountManagement/UpdateLDAP_v1/InitialPeopleSoftToLDAP/Starter/LDAPUserRoleInitialLoad.process,/SharedResources/SchemaDefinitions/CDM/Common/CommonDefinitions/CreditProfileReference_v1.xsd,/SharedResources/SchemaDefinitions/CDM/Common/CommonDefinitions/Notes_v1.xsd,/SharedResources/SchemaDefinitions/Internal/Common/CommonDefinitions/MSF/Enumerations_v1.xsd,/SharedResources/SharedVariables/Common/CommonDefinitions/MSF/StandardEnumerations.sharedvariable,/AdapterConfigurations/ADB/PeopleSoftADBRoleDefinitionPublisher1.adb#adapter.PeopleSoftADBRoleDefinitionPublisher1,/SharedResources/SchemaDefinitions/CDM/Billing/BillingPayment/BillingPaymentManagement/Voucher_v1.xsd,/SharedResources/SchemaDefinitions/CDM/Common/CommonEnumerations/Types_v1.xsd,/SharedResources/Connections/JMS/Properties/MSF-JMS-NONSOAP-Properties.sharedjmsapp,/SharedResources/SchemaDefinitions/CDM/Billing/BillingPayment/BillingPaymentManagement/CreditCardDetails_v1.xsd,/SharedResources/SchemaDefinitions/CDM/Customer/CustomerProfile/CustomerProfileSubscriptionManagement/CustomerSubscription_v1.xsd,/SharedResources/ContextResources/InputContext.contextResource,/AESchemas/ae/adapter/ldap/otherLDAPServer/tgs-3uk-centos64-1.localdomain.aeschema,/AESchemas/ae/ADB/scalar.aeschema,/SharedResources/SchemaDefinitions/CDM/Common/CommonDefinitions/ContactDetails_v1.xsd,/SharedResources/XSLT/Common/CommonDefinitions/MSF/ExceptionInfoTransform.xslt,/SharedResources/SchemaDefinitions/CDM/Common/CommonDefinitions/Party_v1.xsd,/SharedResources/SchemaDefinitions/CDM/Common/CommonEnumerations/Channel_v1.xsd,/AESchemas/ae/ldap/openLDAP/tgs-3uk-centos64-1.localdomain.aeschema,/SharedResources/SchemaDefinitions/CDM/Customer/CustomerInteraction/CustomerInteractionManagement/CustomerOrderInteraction_v1.xsd,/SharedResources/SchemaDefinitions/Internal/Common/CommonDefinitions/MSF/LoggingConfig_v1.xsd,/SharedResources/JobSharedVariables/ProcessStatistics.jobsharedvariable,/SharedResources/SchemaDefinitions/CDM/Offer/OfferItemDefinition/Offer_v1.xsd,/SharedResources/ContextResources/OutputContext.contextResource,/AESchemas/ae/adapter/ldap/openLDAP/tgs-3uk-centos64-1.localdomain/native.aeschema,/SharedResources/SchemaDefinitions/CDM/Customer/CustomerProfile/CustomerPersonalInformationManagement/Customer_v1.xsd,/AESchemas/ae/ADB/PeopleSoftADBRoleDefinitionPublisher1.aeschema,/SharedResources/SchemaDefinitions/CDM/Common/CommonEnumerations/Organisation_v1.xsd,/SharedResources/SchemaDefinitions/CDM/Common/CommonEnumerations/DateFrequency_v1.xsd,/IntegrationServices/Customer/CustomerAccount/CustomerAccountManagement/MCPeopleSoft_v1/Service/MCPeopleSoft_v1.serviceagent,/SharedResources/JobSharedVariables/InputMessageContext.jobsharedvariable,/SharedResources/SchemaDefinitions/CDM/Billing/BillingCommon/BillingEnumerations/BillingStatus_v1.xsd,/SharedResources/SchemaDefinitions/CDM/Common/CommonEnumerations/Status_v1.xsd,/SharedResources/SchemaDefinitions/CDM/Product/ProductSpecification/ProductSpecificationManagement/ProductAllowance_v1.xsd,/SharedResources/SchemaDefinitions/CDM/Customer/CustomerInteraction/CustomerInteractionManagement/CustomerInteractions_v1.xsd,/SharedResources/Schemas/Public/Common/RequestHeader.xsd,/SharedResources/SchemaDefinitions/CDM/Asset/AssetTypes/AssetBaseTypes_v1.xsd,/SharedResources/SchemaDefinitions/CDM/Billing/BillingPayment/BillingPaymentManagement/DirectDebitDetails_v1.xsd,/AESchemas/ae/adapter/ldap/openLDAP/tgs-3uk-centos64-1.localdomain.aeschema,/AESchemas/ae/PeopleSoft/Response.aeschema,/SharedResources/SchemaDefinitions/CDM/Billing/BillingPayment/BillingPaymentManagement/BankDetails_v1.xsd,/AESchemas/sequence/ae/PeopleSoft.aeschema</value>
            <description>External resource configuration required by the archive.</description>
            <requiresConfiguration>false</requiresConfiguration>
            <disableConfigureAtDeployment>true</disableConfigureAtDeployment>
        </NameValuePair>
    </NameValuePairs>
    <NameValuePairs>
        <name>Runtime Variables</name>
        <NameValuePairPassword>
            <name>SharedResources/Connections/JMS/MSF-JMS-MON-Connection/JNDIPassword</name>
            <value>#!fzLGrQdLJ+Xq6LdyKI9rcnwBGrg3R+5TFP8dvWsFr1Y=</value>
            <requiresConfiguration>true</requiresConfiguration>
        </NameValuePairPassword>
        <NameValuePair>
            <name>SharedResources/Connections/JMS/MSF-JMS-INT-Connection/ClientID</name>
            <value/>
            <requiresConfiguration>true</requiresConfiguration>
        </NameValuePair>
        <NameValuePair>
            <name>SharedResources/Connections/JDBC/MSF-JDBC-Connection1/DBURL</name>
            <value>jdbc:oracle:thin:@10.97.119.20:1521:orcl</value>
            <requiresConfiguration>true</requiresConfiguration>
        </NameValuePair>
        <NameValuePairBoolean>
            <name>MSF/Tracing/TraceEnabled</name>
            <value>true</value>
            <requiresConfiguration>true</requiresConfiguration>
        </NameValuePairBoolean>
        <NameValuePairPassword>
            <name>SharedResources/Connections/JDBC/MSF-JDBC-Connection1/Password</name>
            <value>#!l3dkTrvAjOIZpfyZUCdkEQdHX4SkjD3OZhahHqpX1pM=</value>
            <requiresConfiguration>true</requiresConfiguration>
        </NameValuePairPassword>
        <NameValuePairInteger>
            <name>IntegrationServices/Customer/CustomerAccount/CustomerAccountManagement/MCPeopleSoft_v1/ServiceClient/SendRetries</name>
            <value>1</value>
            <requiresConfiguration>true</requiresConfiguration>
        </NameValuePairInteger>
        <NameValuePair>
            <name>SharedResources/Connections/JMS/MSF-JMS-Connection1/QueueConnectionFactory</name>
            <value>QueueConnectionFactory</value>
            <requiresConfiguration>true</requiresConfiguration>
        </NameValuePair>
        <NameValuePairPassword>
            <name>SharedResources/Connections/JMS/MSF-JMS-INT-Connection/Password</name>
            <value>#!mkN/IyNqS/WhZc5hagLzuO0VKbZzumW5xHwBqj4fNes=</value>
            <requiresConfiguration>true</requiresConfiguration>
        </NameValuePairPassword>
        <NameValuePair>
            <name>SharedResources/Connections/HTTP/MSF-HTTPS-Connection1/Port</name>
            <value>6060</value>
            <requiresConfiguration>true</requiresConfiguration>
        </NameValuePair>
        <NameValuePair>
            <name>SharedResources/Connections/JMS/MSF-JMS-BPM-Connection/JNDIContextURL</name>
            <value>tibjmsnaming://tgs-3uk-centos64-1:7252</value>
            <requiresConfiguration>true</requiresConfiguration>
        </NameValuePair>
        <NameValuePairBoolean>
            <name>SharedResources/Connections/JMS/MSF-JMS-FOM-Connection/AutoGenerateClientID</name>
            <value>true</value>
            <requiresConfiguration>true</requiresConfiguration>
        </NameValuePairBoolean>
        <NameValuePairInteger>
            <name>IntegrationServices/Customer/CustomerAccount/CustomerAccountManagement/MCPeopleSoft_v1/ServiceClient/RetryIntervalSec</name>
            <value>5</value>
            <requiresConfiguration>true</requiresConfiguration>
        </NameValuePairInteger>
        <NameValuePair>
            <name>SharedResources/Connections/JMS/MSF-JMS-BPM-Connection/QueueConnectionFactory</name>
            <value>QueueConnectionFactory</value>
            <requiresConfiguration>true</requiresConfiguration>
        </NameValuePair>
        <NameValuePairPassword>
            <name>SharedResources/Connections/JMS/MSF-JMS-MON-Connection/Password</name>
            <value>#!AHYE1fvoJcaS5jnePfzs3us48yLIbk85VzxwMnQXhjU=</value>
            <requiresConfiguration>true</requiresConfiguration>
        </NameValuePairPassword>
        <NameValuePair>
            <name>SharedResources/Connections/JDBC/MSF-JDBC-Connection1/LoginTimeout</name>
            <value>0</value>
            <requiresConfiguration>true</requiresConfiguration>
        </NameValuePair>
        <NameValuePairBoolean>
            <name>MSF/Logging/LogEnabled</name>
            <value>true</value>
            <requiresConfiguration>true</requiresConfiguration>
        </NameValuePairBoolean>
        <NameValuePair>
            <name>SharedResources/Connections/HTTP/MSF-HTTPS-Connection1/Host</name>
            <value>localhost</value>
            <requiresConfiguration>true</requiresConfiguration>
        </NameValuePair>
        <NameValuePair>
            <name>SharedResources/Connections/JMS/MSF-JMS-BPM-Connection/JNDIUserName</name>
            <value>tibco</value>
            <requiresConfiguration>true</requiresConfiguration>
        </NameValuePair>
        <NameValuePair>
            <name>Destinations/Topics/MSF-XX/MSF/LogException_v1</name>
            <value>MSF-XX.PUB.TIB.LOGEXCEPTION.XML.V1</value>
            <requiresConfiguration>true</requiresConfiguration>
        </NameValuePair>
        <NameValuePairPassword>
            <name>SharedResources/Connections/JMS/MSF-JMS-FOM-Connection/Password</name>
            <value>#!ZpbbsOlzdrZBW74KudE9gmMEE+cDwYD9X7tES6VEj6Y=</value>
            <requiresConfiguration>true</requiresConfiguration>
        </NameValuePairPassword>
        <NameValuePairPassword>
            <name>SharedResources/Connections/JMS/MSF-JMS-INT-Connection/JNDIPassword</name>
            <value>#!iB4ZCy4wMWAvMMF3BV36NroSRmzpqe1RVVTqBI//f3Q=</value>
            <requiresConfiguration>true</requiresConfiguration>
        </NameValuePairPassword>
        <NameValuePair>
            <name>SharedResources/Connections/JMS/MSF-JMS-MON-Connection/UserName</name>
            <value>tibco</value>
            <requiresConfiguration>true</requiresConfiguration>
        </NameValuePair>
        <NameValuePair>
            <name>SharedResources/Connections/JMS/MSF-JMS-INT-Connection/JNDIContextFactory</name>
            <value>com.tibco.tibjms.naming.TibjmsInitialContextFactory</value>
            <requiresConfiguration>true</requiresConfiguration>
        </NameValuePair>
        <NameValuePair>
            <name>SharedResources/Connections/HTTP/MSF-HTTP-Connection1/Port</name>
            <value>6060</value>
            <requiresConfiguration>true</requiresConfiguration>
        </NameValuePair>
        <NameValuePair>
            <name>SharedResources/Connections/JMS/MSF-JMS-Connection1/TopicConnectionFactory</name>
            <value>TopicConnectionFactory</value>
            <requiresConfiguration>true</requiresConfiguration>
        </NameValuePair>
        <NameValuePair>
            <name>SharedResources/Connections/JMS/MSF-JMS-MON-Connection/QueueConnectionFactory</name>
            <value>QueueConnectionFactory</value>
            <requiresConfiguration>true</requiresConfiguration>
        </NameValuePair>
        <NameValuePairBoolean>
            <name>MSF/Exceptions/ExceptionLogging/LogBusiness</name>
            <value>true</value>
            <requiresConfiguration>true</requiresConfiguration>
        </NameValuePairBoolean>
        <NameValuePairBoolean>
            <name>SharedResources/Connections/JMS/MSF-JMS-MON-Connection/AutoGenerateClientID</name>
            <value>true</value>
            <requiresConfiguration>true</requiresConfiguration>
        </NameValuePairBoolean>
        <NameValuePair>
            <name>SharedResources/Connections/JMS/MSF-JMS-BPM-Connection/ClientID</name>
            <value/>
            <requiresConfiguration>true</requiresConfiguration>
        </NameValuePair>
        <NameValuePairInteger>
            <name>AdapterConfigurations/LDAP/PortNumber</name>
            <value>10636</value>
            <requiresConfiguration>true</requiresConfiguration>
        </NameValuePairInteger>
        <NameValuePair>
            <name>SharedResources/Connections/JDBC/MSF-JDBC-Connection1/UserName</name>
            <value>psuser</value>
            <requiresConfiguration>true</requiresConfiguration>
        </NameValuePair>
        <NameValuePair>
            <name>AdapterConfigurations/LDAP/ServerName</name>
            <value>tgs-3uk-centos64-1.localdomain</value>
            <requiresConfiguration>true</requiresConfiguration>
        </NameValuePair>
        <NameValuePairBoolean>
            <name>SharedResources/Connections/JMS/MSF-JMS-BPM-Connection/AutoGenerateClientID</name>
            <value>true</value>
            <requiresConfiguration>true</requiresConfiguration>
        </NameValuePairBoolean>
        <NameValuePair>
            <name>SharedResources/Connections/JMS/MSF-JMS-INT-Connection/UserName</name>
            <value>admin</value>
            <requiresConfiguration>true</requiresConfiguration>
        </NameValuePair>
        <NameValuePairBoolean>
            <name>MSF/Exceptions/ExceptionLogging/LogToTopic/Enabled</name>
            <value>false</value>
            <requiresConfiguration>true</requiresConfiguration>
        </NameValuePairBoolean>
        <NameValuePairBoolean>
            <name>MSF/Audit/AuditEnabled</name>
            <value>true</value>
            <requiresConfiguration>true</requiresConfiguration>
        </NameValuePairBoolean>
        <NameValuePair>
            <name>SharedResources/Connections/JMS/MSF-JMS-Connection1/JNDIContextFactory</name>
            <value>com.tibco.tibjms.naming.TibjmsInitialContextFactory</value>
            <requiresConfiguration>true</requiresConfiguration>
        </NameValuePair>
        <NameValuePair>
            <name>SharedResources/Connections/JMS/MSF-JMS-INT-Connection/TopicConnectionFactory</name>
            <value>TopicConnectionFactory</value>
            <requiresConfiguration>true</requiresConfiguration>
        </NameValuePair>
        <NameValuePair>
            <name>SharedResources/Connections/JMS/MSF-JMS-BPM-Connection/UserName</name>
            <value>tibco</value>
            <requiresConfiguration>true</requiresConfiguration>
        </NameValuePair>
        <NameValuePair>
            <name>SharedResources/Connections/JMS/MSF-JMS-FOM-Connection/TopicConnectionFactory</name>
            <value>TopicConnectionFactory</value>
            <requiresConfiguration>true</requiresConfiguration>
        </NameValuePair>
        <NameValuePair>
            <name>SharedResources/Connections/JMS/MSF-JMS-Connection1/ClientID</name>
            <value/>
            <requiresConfiguration>true</requiresConfiguration>
        </NameValuePair>
        <NameValuePair>
            <name>SharedResources/Connections/JMS/MSF-JMS-BPM-Connection/JNDIContextFactory</name>
            <value>com.tibco.tibjms.naming.TibjmsInitialContextFactory</value>
            <requiresConfiguration>true</requiresConfiguration>
        </NameValuePair>
        <NameValuePair>
            <name>MSF/Exceptions/ExceptionLogging/ActionOnFailure</name>
            <value>CONTINUE</value>
            <requiresConfiguration>true</requiresConfiguration>
        </NameValuePair>
        <NameValuePair>
            <name>SharedResources/Connections/JMS/MSF-JMS-MON-Connection/JNDIContextURL</name>
            <value>tibjmsnaming://tgs-3uk-centos64-1:7232</value>
            <requiresConfiguration>true</requiresConfiguration>
        </NameValuePair>
        <NameValuePairBoolean>
            <name>SharedResources/Connections/JMS/MSF-JMS-Connection1/AutoGenerateClientID</name>
            <value>true</value>
            <requiresConfiguration>true</requiresConfiguration>
        </NameValuePairBoolean>
        <NameValuePairPassword>
            <name>SharedResources/Connections/JMS/MSF-JMS-BPM-Connection/Password</name>
            <value>#!FJEkKXyW+Le0ZlxrPtdRsHHCTaXgWVe/EZYRqCLD1mo=</value>
            <requiresConfiguration>true</requiresConfiguration>
        </NameValuePairPassword>
        <NameValuePairBoolean>
            <name>MSF/Exceptions/ExceptionLogging/LogTechnical</name>
            <value>true</value>
            <requiresConfiguration>true</requiresConfiguration>
        </NameValuePairBoolean>
        <NameValuePair>
            <name>SharedResources/Connections/HTTP/MSF-HTTP-Connection1/Host</name>
            <value>localhost</value>
            <requiresConfiguration>true</requiresConfiguration>
        </NameValuePair>
        <NameValuePairBoolean>
            <name>MSF/Exceptions/ExceptionLogging/LogUser</name>
            <value>true</value>
            <requiresConfiguration>true</requiresConfiguration>
        </NameValuePairBoolean>
        <NameValuePair>
            <name>SharedResources/Connections/JMS/MSF-JMS-Connection1/JNDIContextURL</name>
            <value>tibjmsnaming://tgs-3uk-centos64-1:7242</value>
            <requiresConfiguration>true</requiresConfiguration>
        </NameValuePair>
        <NameValuePair>
            <name>SharedResources/Connections/JMS/MSF-JMS-INT-Connection/JNDIUserName</name>
            <value>admin</value>
            <requiresConfiguration>true</requiresConfiguration>
        </NameValuePair>
        <NameValuePair>
            <name>SharedResources/Connections/JMS/MSF-JMS-BPM-Connection/TopicConnectionFactory</name>
            <value>TopicConnectionFactory</value>
            <requiresConfiguration>true</requiresConfiguration>
        </NameValuePair>
        <NameValuePairBoolean>
            <name>SharedResources/Connections/JMS/MSF-JMS-INT-Connection/AutoGenerateClientID</name>
            <value>true</value>
            <requiresConfiguration>true</requiresConfiguration>
        </NameValuePairBoolean>
        <NameValuePairPassword>
            <name>SharedResources/Connections/JMS/MSF-JMS-FOM-Connection/JNDIPassword</name>
            <value>#!ir5SyNAW8t+saCizlUbYyq+9vR5klqqAgNUFp2l9nhM=</value>
            <requiresConfiguration>true</requiresConfiguration>
        </NameValuePairPassword>
        <NameValuePairPassword>
            <name>SharedResources/Connections/JMS/MSF-JMS-Connection1/JNDIPassword</name>
            <value>#!5BQxsvQdfQv2K0iUn3/6wJTYWz3z5UYuCmeNAcv/y90=</value>
            <requiresConfiguration>true</requiresConfiguration>
        </NameValuePairPassword>
        <NameValuePairPassword>
            <name>SharedResources/Connections/JMS/MSF-JMS-Connection1/Password</name>
            <value>#!maNy2KS09OdHD2GoKlkvUeS5P5pGzPb7hl+LBSjjt6w=</value>
            <requiresConfiguration>true</requiresConfiguration>
        </NameValuePairPassword>
        <NameValuePairInteger>
            <name>MSF/Logging/LogLevel</name>
            <value>4</value>
            <requiresConfiguration>true</requiresConfiguration>
        </NameValuePairInteger>
        <NameValuePairInteger>
            <name>IntegrationServices/Customer/CustomerAccount/CustomerAccountManagement/MCPeopleSoft_v1/ServiceClient/TimeoutSec</name>
            <value>70</value>
            <requiresConfiguration>true</requiresConfiguration>
        </NameValuePairInteger>
        <NameValuePair>
            <name>SharedResources/Connections/JMS/MSF-JMS-FOM-Connection/QueueConnectionFactory</name>
            <value>QueueConnectionFactory</value>
            <requiresConfiguration>true</requiresConfiguration>
        </NameValuePair>
        <NameValuePair>
            <name>SharedResources/Connections/JMS/MSF-JMS-FOM-Connection/JNDIContextURL</name>
            <value>tibjmsnaming://tgs-3uk-centos64-1:7222</value>
            <requiresConfiguration>true</requiresConfiguration>
        </NameValuePair>
        <NameValuePair>
            <name>SharedResources/Connections/JMS/MSF-JMS-INT-Connection/JNDIContextURL</name>
            <value>tibjmsnaming://172.26.253.207:7242</value>
            <requiresConfiguration>true</requiresConfiguration>
        </NameValuePair>
        <NameValuePair>
            <name>SharedResources/Connections/JMS/MSF-JMS-FOM-Connection/JNDIUserName</name>
            <value>tibco</value>
            <requiresConfiguration>true</requiresConfiguration>
        </NameValuePair>
        <NameValuePair>
            <name>SharedResources/Connections/JMS/MSF-JMS-MON-Connection/ClientID</name>
            <value/>
            <requiresConfiguration>true</requiresConfiguration>
        </NameValuePair>
        <NameValuePair>
            <name>SharedResources/Connections/JMS/MSF-JMS-Connection1/UserName</name>
            <value>tibco</value>
            <requiresConfiguration>true</requiresConfiguration>
        </NameValuePair>
        <NameValuePairInteger>
            <name>IntegrationServices/Customer/CustomerAccount/CustomerAccountManagement/MCPeopleSoft_v1/ServiceClient/JMSExpirationSec</name>
            <value>10</value>
            <requiresConfiguration>true</requiresConfiguration>
        </NameValuePairInteger>
        <NameValuePairInteger>
            <name>MSF/Exceptions/ExceptionLogging/LogToTopic/Retries</name>
            <value>2</value>
            <requiresConfiguration>true</requiresConfiguration>
        </NameValuePairInteger>
        <NameValuePairBoolean>
            <name>MSF/Exceptions/ExceptionLogging/LogPayload</name>
            <value>true</value>
            <requiresConfiguration>true</requiresConfiguration>
        </NameValuePairBoolean>
        <NameValuePair>
            <name>SharedResources/Connections/JMS/MSF-JMS-MON-Connection/JNDIContextFactory</name>
            <value>com.tibco.tibjms.naming.TibjmsInitialContextFactory</value>
            <requiresConfiguration>true</requiresConfiguration>
        </NameValuePair>
        <NameValuePair>
            <name>SharedResources/Connections/JMS/MSF-JMS-INT-Connection/QueueConnectionFactory</name>
            <value>QueueConnectionFactory</value>
            <requiresConfiguration>true</requiresConfiguration>
        </NameValuePair>
        <NameValuePair>
            <name>SharedResources/Connections/JMS/MSF-JMS-FOM-Connection/ClientID</name>
            <value/>
            <requiresConfiguration>true</requiresConfiguration>
        </NameValuePair>
        <NameValuePair>
            <name>SharedResources/Connections/JDBC/MSF-JDBC-Connection1/MaxConnections</name>
            <value>10</value>
            <requiresConfiguration>true</requiresConfiguration>
        </NameValuePair>
        <NameValuePair>
            <name>SharedResources/Connections/JMS/MSF-JMS-MON-Connection/JNDIUserName</name>
            <value>tibco</value>
            <requiresConfiguration>true</requiresConfiguration>
        </NameValuePair>
        <NameValuePair>
            <name>SharedResources/Connections/JMS/MSF-JMS-FOM-Connection/UserName</name>
            <value>tibco</value>
            <requiresConfiguration>true</requiresConfiguration>
        </NameValuePair>
        <NameValuePairPassword>
            <name>SharedResources/Connections/JMS/MSF-JMS-BPM-Connection/JNDIPassword</name>
            <value>#!tdGEyNkSHDN1dkceein6j3JgqM7FKI1FT+FI7ovpCvc=</value>
            <requiresConfiguration>true</requiresConfiguration>
        </NameValuePairPassword>
        <NameValuePair>
            <name>SharedResources/Connections/JMS/MSF-JMS-Connection1/JNDIUserName</name>
            <value>tibco</value>
            <requiresConfiguration>true</requiresConfiguration>
        </NameValuePair>
        <NameValuePairInteger>
            <name>MSF/Exceptions/ExceptionLogging/LogToTopic/SleepOnRetryMillisec</name>
            <value>1000</value>
            <requiresConfiguration>true</requiresConfiguration>
        </NameValuePairInteger>
        <NameValuePair>
            <name>SharedResources/Connections/JDBC/MSF-JDBC-Connection1/JDBCDriver</name>
            <value>oracle.jdbc.driver.OracleDriver (thin)</value>
            <requiresConfiguration>true</requiresConfiguration>
        </NameValuePair>
        <NameValuePair>
            <name>SharedResources/Connections/JMS/MSF-JMS-MON-Connection/TopicConnectionFactory</name>
            <value>TopicConnectionFactory</value>
            <requiresConfiguration>true</requiresConfiguration>
        </NameValuePair>
        <NameValuePair>
            <name>SharedResources/Connections/JMS/MSF-JMS-FOM-Connection/JNDIContextFactory</name>
            <value>com.tibco.tibjms.naming.TibjmsInitialContextFactory</value>
            <requiresConfiguration>true</requiresConfiguration>
        </NameValuePair>
    </NameValuePairs>
    <DeploymentDescriptorFactory>
        <name>{http://www.tibco.com/xmlns/checkpoint}BwCheckpoint</name>
        <deploymentDescriptorFactoryClassName>com.tibco.dd.bw.BwCheckpoint</deploymentDescriptorFactoryClassName>
        <deploymentDescriptorXsdFileName>com/tibco/dd/bw/BwCheckpoint.xsd</deploymentDescriptorXsdFileName>
    </DeploymentDescriptorFactory>
    <chk:BwCheckpoint xmlns:chk="http://www.tibco.com/xmlns/checkpoint">
        <name>TIBCO BusinessWorks Checkpoint Data Repository</name>
        <chk:availableSharedResourceName>/SharedResources/Connections/JDBC/MSF-JDBC-Connection1</chk:availableSharedResourceName>
        <chk:useSharedResource>false</chk:useSharedResource>
        <!--<chk:tablePrefix>Process_Ar_39253488</chk:tablePrefix>-->
    </chk:BwCheckpoint>
    <DeploymentDescriptorFactory>
        <name>{http://www.tibco.com/xmlns/pdconfiguration}BwBPConfigurations</name>
        <deploymentDescriptorFactoryClassName>com.tibco.dd.bw.BwBPConfigurations</deploymentDescriptorFactoryClassName>
        <deploymentDescriptorXsdFileName>com/tibco/dd/bw/BwBPConfigurations.xsd</deploymentDescriptorXsdFileName>
    </DeploymentDescriptorFactory>
    <pd:BwBPConfigurations xmlns:pd="http://www.tibco.com/xmlns/pdconfiguration">
        <name>TIBCO BusinessWorks Process Configurations</name>
        <pd:BwBPConfiguration>
            <pd:processDefinitionName>UtilityProcesses/ProcessStarters/LogOnStartup.process</pd:processDefinitionName>
            <pd:isDynamicCallProcess>false</pd:isDynamicCallProcess>
            <pd:processDefinitionStarterName>onStartup</pd:processDefinitionStarterName>
            <pd:enabled>true</pd:enabled>
            <pd:maxJobs>0</pd:maxJobs>
            <pd:activation>true</pd:activation>
            <!--<pd:flowLimit>0</pd:flowLimit>-->
        </pd:BwBPConfiguration>
        <pd:BwBPConfiguration>
            <pd:processDefinitionName>IntegrationServices/Customer/CustomerAccount/CustomerAccountManagement/UpdateLDAP_v1/InitialPeopleSoftToLDAP/Starter/LDAPUserRoleInitialLoadSimplified.process</pd:processDefinitionName>
            <pd:isDynamicCallProcess>false</pd:isDynamicCallProcess>
            <pd:processDefinitionStarterName>JMSInitialLoadReceiver</pd:processDefinitionStarterName>
            <pd:enabled>true</pd:enabled>
            <pd:maxJobs>0</pd:maxJobs>
            <pd:activation>true</pd:activation>
            <!--<pd:flowLimit>0</pd:flowLimit>-->
        </pd:BwBPConfiguration>
        <pd:BwBPConfiguration>
            <pd:processDefinitionName>IntegrationServices/Customer/CustomerAccount/CustomerAccountManagement/MCPeopleSoft_v1/Service/MCPeopleSoft_v1.serviceagent</pd:processDefinitionName>
            <pd:isDynamicCallProcess>false</pd:isDynamicCallProcess>
            <pd:processDefinitionStarterName>MCPeopleSoft_v1</pd:processDefinitionStarterName>
            <pd:enabled>true</pd:enabled>
            <pd:maxJobs>0</pd:maxJobs>
            <pd:activation>true</pd:activation>
            <!--<pd:flowLimit>0</pd:flowLimit>-->
        </pd:BwBPConfiguration>
        <pd:BwBPConfiguration>
            <pd:processDefinitionName>IntegrationServices/Customer/CustomerAccount/CustomerAccountManagement/UpdateLDAP_v1/LDAPOperatorDefinitionSync/Starter/LDAPOperatorDefSync.process</pd:processDefinitionName>
            <pd:isDynamicCallProcess>false</pd:isDynamicCallProcess>
            <pd:processDefinitionStarterName>ADBRoleDefnSubscriber</pd:processDefinitionStarterName>
            <pd:enabled>true</pd:enabled>
            <pd:maxJobs>0</pd:maxJobs>
            <pd:activation>true</pd:activation>
            <!--<pd:flowLimit>0</pd:flowLimit>-->
        </pd:BwBPConfiguration>
        <pd:BwBPConfiguration>
            <pd:processDefinitionName>IntegrationServices/Customer/CustomerAccount/CustomerAccountManagement/UpdateLDAP_v1/InitialPeopleSoftToLDAP/Starter/LDAPUserRoleInitialLoad.process</pd:processDefinitionName>
            <pd:isDynamicCallProcess>false</pd:isDynamicCallProcess>
            <pd:processDefinitionStarterName>JMSInitialLoadReceiver</pd:processDefinitionStarterName>
            <pd:enabled>true</pd:enabled>
            <pd:maxJobs>0</pd:maxJobs>
            <pd:activation>true</pd:activation>
            <!--<pd:flowLimit>0</pd:flowLimit>-->
        </pd:BwBPConfiguration>
        <pd:BwBPConfiguration>
            <pd:processDefinitionName>UtilityProcesses/ProcessStarters/LoggingControl.process</pd:processDefinitionName>
            <pd:isDynamicCallProcess>false</pd:isDynamicCallProcess>
            <pd:processDefinitionStarterName>Log Getter-Setter Receiver</pd:processDefinitionStarterName>
            <pd:enabled>true</pd:enabled>
            <pd:maxJobs>0</pd:maxJobs>
            <pd:activation>true</pd:activation>
            <!--<pd:flowLimit>0</pd:flowLimit>-->
        </pd:BwBPConfiguration>
        <pd:BwBPConfiguration>
            <pd:processDefinitionName>UtilityProcesses/ProcessStarters/LogOnShutdown.process</pd:processDefinitionName>
            <pd:isDynamicCallProcess>false</pd:isDynamicCallProcess>
            <pd:processDefinitionStarterName>onShutdown</pd:processDefinitionStarterName>
            <pd:enabled>true</pd:enabled>
            <pd:maxJobs>0</pd:maxJobs>
            <pd:activation>true</pd:activation>
            <!--<pd:flowLimit>0</pd:flowLimit>-->
        </pd:BwBPConfiguration>
        <pd:BwBPConfiguration>
            <pd:processDefinitionName>IntegrationServices/Customer/CustomerAccount/CustomerAccountManagement/UpdateLDAP_v1/LDAPUserRoleSync/Starter/LDAPUserRoleSync.process</pd:processDefinitionName>
            <pd:isDynamicCallProcess>false</pd:isDynamicCallProcess>
            <pd:processDefinitionStarterName>ADBUserRoleSubscriber</pd:processDefinitionStarterName>
            <pd:enabled>true</pd:enabled>
            <pd:maxJobs>0</pd:maxJobs>
            <pd:activation>true</pd:activation>
            <!--<pd:flowLimit>0</pd:flowLimit>-->
        </pd:BwBPConfiguration>
    </pd:BwBPConfigurations>
    <DeploymentDescriptorFactory>
        <name>{http://www.tibco.com/xmlns/dd}SupportsFaultTolerance</name>
        <deploymentDescriptorFactoryClassName>com.tibco.archive.helpers.SupportsFaultTolerance</deploymentDescriptorFactoryClassName>
    </DeploymentDescriptorFactory>
    <SupportsFaultTolerance>
        <name>SupportsFaultTolerance</name>
    </SupportsFaultTolerance>
    <NameValuePairs>
        <name>Adapter SDK Properties</name>
        <NameValuePair>
            <name>Trace.Task.*</name>
            <value>false</value>
            <description>Activity Trace Controls activity invocation trace</description>
            <requiresConfiguration>false</requiresConfiguration>
        </NameValuePair>
        <NameValuePair>
            <name>EnableMemorySavingMode</name>
            <value>false</value>
            <description>Memory Saving Mode controls process variable memory saving mode</description>
            <requiresConfiguration>false</requiresConfiguration>
        </NameValuePair>
        <NameValuePair>
            <name>bw.engine.enableJobRecovery</name>
            <value>false</value>
            <description>maintain checkpoints for failed processes enables the preservation of checkpoints for process instances that end with a fault</description>
            <requiresConfiguration>false</requiresConfiguration>
        </NameValuePair>
        <NameValuePair>
            <name>bw.engine.autoCheckpointRestart</name>
            <value>true</value>
            <description>auto checkpoint restart controls automatic restarting of checkpoints when engine first starts up</description>
            <requiresConfiguration>false</requiresConfiguration>
        </NameValuePair>
        <NameValuePair>
            <name>bw.engine.jobstats.enable</name>
            <value>false</value>
            <description>maintain job history file controls maintence of job history csv file</description>
            <requiresConfiguration>false</requiresConfiguration>
        </NameValuePair>
        <NameValuePair>
            <name>log.file.encoding</name>
            <value/>
            <description>set log file encoding controls log file encoding</description>
            <requiresConfiguration>false</requiresConfiguration>
        </NameValuePair>
        <NameValuePair>
            <name>bw.engine.emaEnabled</name>
            <value>false</value>
            <description>Enables Enterprise Management Advisor Interface Enables Enterprise Management Advisor driven process control based on resource state</description>
            <requiresConfiguration>false</requiresConfiguration>
        </NameValuePair>
        <NameValuePair>
            <name>bw.container.service</name>
            <value/>
            <description>BW Service Container Enables BW engine to be hosted within a container</description>
            <requiresConfiguration>false</requiresConfiguration>
        </NameValuePair>
        <NameValuePair>
            <name>bw.container.service.rmi.port</name>
            <value>9995</value>
            <description>BW Service Container RMI Port Enables Container Communication Port</description>
            <requiresConfiguration>false</requiresConfiguration>
        </NameValuePair>
        <NameValuePair>
            <name>bw.platform.services.retreiveresources.Enabled</name>
            <value>false</value>
            <description>Built-in Resource Provider Activation Enables Built in Resource Provider</description>
            <requiresConfiguration>false</requiresConfiguration>
        </NameValuePair>
        <NameValuePair>
            <name>bw.platform.services.retreiveresources.Hostname</name>
            <value>localhost</value>
            <description>Built-in Resource Provider Host Sets Built-in Resource Provider Host Name</description>
            <requiresConfiguration>false</requiresConfiguration>
        </NameValuePair>
        <NameValuePair>
            <name>bw.platform.services.retreiveresources.Httpport</name>
            <value>8010</value>
            <description>Built-in Resource Provider Http Port Sets Built-in Resource Provider Http Port Number</description>
            <requiresConfiguration>false</requiresConfiguration>
        </NameValuePair>
        <NameValuePair>
            <name>bw.platform.services.retreiveresources.defaultEncoding</name>
            <value>ISO8859_1</value>
            <description>Built-in Resource Provider Default Encoding Sets Built-in Resource Provider defaultEncoding</description>
            <requiresConfiguration>false</requiresConfiguration>
        </NameValuePair>
        <NameValuePair>
            <name>bw.platform.services.retreiveresources.enableLookups</name>
            <value>false</value>
            <description>Built-in Resource Provider DNS Lookups Enables Built-in Resource Provider DNS Lookups</description>
            <requiresConfiguration>false</requiresConfiguration>
        </NameValuePair>
        <NameValuePair>
            <name>bw.platform.services.retreiveresources.isSecure</name>
            <value>false</value>
            <description>Built-in Resource Provider Secure Socket Layer(SSL) support Enables Built-in Resource Provider Secure Socket Layer(SSL) support</description>
            <requiresConfiguration>false</requiresConfiguration>
        </NameValuePair>
        <NameValuePair>
            <name>bw.platform.services.retreiveresources.identity</name>
            <value>/Identity_HTTPConnection.id</value>
            <description>Built-in Resource Provider Identity  Sets Built-in Resource Provider Identity if Secure Socket Layer(SSL) support is enabled</description>
            <requiresConfiguration>false</requiresConfiguration>
        </NameValuePair>
        <NameValuePair>
            <name>bw.log4j.configuration</name>
            <value/>
            <description>Log4j Configuration File Log4j Configuration file path</description>
            <requiresConfiguration>false</requiresConfiguration>
        </NameValuePair>
    </NameValuePairs>
</DeploymentDescriptors>