<?xml version="1.0" encoding="UTF-8"?>
<DeploymentDescriptors xmlns="http://www.tibco.com/xmlns/dd">
    <name>Process Archive.par</name>
    <version>10</version>
    <owner>TIBCO</owner>
    <creationDate>12/2/16 12:41 AM</creationDate>
    <DeploymentDescriptorFactory>
        <name>{http://www.tibco.com/xmlns/dd}StartAsOneOf</name>
        <deploymentDescriptorFactoryClassName>com.tibco.archive.helpers.StartAsOneOf</deploymentDescriptorFactoryClassName>
    </DeploymentDescriptorFactory>
    <StartAsOneOf>
        <name>StartAsOneOf</name>
        <ComponentSoftwareReference>
            <componentSoftwareName>bwengine</componentSoftwareName>
            <minimumComponentSoftwareVersion>5.3.0.0</minimumComponentSoftwareVersion>
            <minimumTRAVersion>5.3.0.0</minimumTRAVersion>
            <configVersion>5.3.0.0</configVersion>
        </ComponentSoftwareReference>
    </StartAsOneOf>
    <DeploymentDescriptorFactory>
        <name>{http://www.tibco.com/xmlns/dd}NameValuePairs</name>
        <deploymentDescriptorFactoryClassName>com.tibco.archive.helpers.NameValuePairs</deploymentDescriptorFactoryClassName>
    </DeploymentDescriptorFactory>
    <NameValuePairs>
        <name>EXTERNAL_DEPENDENCIES</name>
        <NameValuePair>
            <name>EXTERNAL_RESOURCE_DEPENDENCY</name>
            <value>/SharedResources/Connections/JMS/Properties/MSF-JMS-SOAP-Properties.sharedjmsapp,/UtilityProcesses/Tracing/TraceEnd.process,/SharedResources/SchemaDefinitions/CDM/Billing/BillingPayment/BillingPaymentManagement/PaymentType_v1.xsd,/SharedResources/SchemaDefinitions/Resource/Common/CommonDefinitions/MSF/LocalExceptionInfo_v1.xsd,/SharedResources/Connections/JMS/MSF-JMS-INT-Connection.sharedjmscon,/SharedResources/SchemaDefinitions/CDM/Common/CommonTypes/BaseTypes_v1.xsd,/SharedResources/Schemas/Public/Exception/ExceptionRequest.xsd,/SharedResources/SchemaDefinitions/CDM/Common/CommonDefinitions/Address_v1.xsd,/SharedResources/Java/CustomFunctions/DateUtil.javaxpath,/IntegrationServices/Service/ServiceOrder/ServiceOrderManagement/MC_ServiceOrder_v1/SubmitServiceOrder/Starter/SendFinalResponse.process,/AESchemas/ae/PeopleSoft/Request.aeschema,/SharedResources/WebServiceDefinitions/Interface/Product/ProductSpecification/ProductSpecificationManagement/Concrete/MCFCManagement_v1.wsdl,/SharedResources/SchemaDefinitions/CDM/Billing/BillingPayment/BillingPaymentManagement/AddToBill_V1.xsd,/SharedResources/WebServiceDefinitions/Interface/Customer/CustomerContract/CustomerContractManagement/Concrete/MC_CustomerContract_v1.wsdl,/SharedResources/SchemaDefinitions/Resource/FOS/common/sharedResources/schemas/classes/resultStatus.xsd,/IntegrationServices/Service/ServiceOrder/ServiceOrderManagement/MC_ServiceOrder_v1/Service/ServiceOrder_v1.serviceagent,/AESchemas/ae/Common.aeschema,/SharedResources/SchemaDefinitions/CDM/Order/OrderTypes/OrderBaseTypes_v1.xsd,/SharedResources/SchemaDefinitions/Internal/Common/CommonDefinitions/MSF/InputMessageContent_v1.xsd,/SharedResources/SchemaDefinitions/Resource/FOS/aopd/AOPDService.xsd,/SharedResources/Java/CustomFunctions/Lookup.javaxpath,/SharedResources/SchemaDefinitions/Resource/FOS/orchestrator/sharedResources/schemas/classes/message.xsd,/SharedResources/SchemaDefinitions/External/BW/EngineTypes.xsd,/SharedResources/SchemaDefinitions/Resource/FOS/orchestrator/sharedResources/schemas/classes/notification.xsd,/SharedResources/SchemaDefinitions/Resource/FOS/tds/sharedResources/schemas/services/TransientDataStoreService.xsd,/SharedResources/WebServiceDefinitions/Interface/FOS/Concrete/jms/OrderServiceJMS.wsdl,/SharedResources/SharedVariables/Common/CommonDefinitions/MSF/GlobalServiceContext.sharedvariable,/SharedResources/Connections/HTTP/MSF-HTTP-Connection1.sharedhttp,/SharedResources/Policies/FOM/Identity.id,/UtilityProcesses/MessageContext/GetInputMessageContext.process,/SharedResources/SchemaDefinitions/Interface/Service/ServiceOrder/ServiceOrderManagement/PSFT_AckResp_v1.xsd,/SharedResources/JobSharedVariables/InputMessageContent.jobsharedvariable,/SharedResources/SchemaDefinitions/CDM/Common/CommonDefinitions/Individual_v1.xsd,/Interface/JMS/SendLog.process,/SharedResources/Policies/FOM/SecurityPolicyAssociation_WithdrawOrder.securityPolicyAssociation,/SharedResources/SchemaDefinitions/Interface/Customer/CustomerContract/CustomerContractManagement/MC_ContractManagement_v1.xsd,/SharedResources/SchemaDefinitions/CDM/Billing/BillingPayment/BillingPaymentManagement/Cash_v1.xsd,/UtilityProcesses/FOSDataAccessInterfaces/submitOrder.process,/SharedResources/SchemaDefinitions/Resource/FOS/aopd/commonTypes.xsd,/SharedResources/SchemaDefinitions/CDM/Billing/BillingPayment/BillingPaymentManagement/ChequeDetails_v1.xsd,/UtilityProcesses/FOSDataAccessInterfaces/getOrderExecutionPlan.process,/AESchemas/ae/PeopleSoft/Common.aeschema,/SharedResources/SchemaDefinitions/Resource/Common/CommonDefinitions/MSF/MessageContext_v1.xsd,/SharedResources/SchemaDefinitions/Resource/Common/CommonDefinitions/MSF/ExceptionInfoExtended_v1.xsd,/SharedResources/JobSharedVariables/OutputMessageContext.jobsharedvariable,/SharedResources/SchemaDefinitions/Resource/FOS/orchestrator/sharedResources/schemas/classes/aopd.xsd,/SharedResources/Policies/FOM/SecurityPolicyAssociation_GetOrderExecutionPlan.securityPolicyAssociation,/LogLevelControl/Schemas/LogLevelControl.xsd,/SharedResources/MSF-RV-DistributedQueue-Transport_CreateContract.rvtransport,/SharedResources/SchemaDefinitions/CDM/Product/ProductUsage/ProductUsageManagement/ProductUsage_v1.xsd,/SharedResources/SchemaDefinitions/CDM/Order/OrderItemDefinition/Order_v1.xsd,/SharedResources/SchemaDefinitions/CDM/Product/ProductSpecification/ProductSpecificationManagement/ProductPriceSpecification_v1.xsd,/SharedResources/SchemaDefinitions/CDM/Order/OrderItemDefinition/OrderItem_v1.xsd,/SharedResources/Connections/JDBC/MSF-JDBC-Connection1.sharedjdbc,/SharedResources/SchemaDefinitions/Interface/Service/ServiceOrder/ServiceOrderManagement/MC_SO_v1.xsd,/AESchemas/ae/TREAdapters/TRE/in/Request.aeschema,/SharedResources/Policies/.folder,/SharedResources/SchemaDefinitions/Resource/Common/CommonDefinitions/MSF/ServiceContext_v1.xsd,/AESchemas/ae.aeschema,/SharedResources/SchemaDefinitions/Internal/Common/CommonDefinitions/MSF/ExceptionInfoTransform_v1.xsd,/SharedResources/JobSharedVariables/InitialServiceContext.jobsharedvariable,/SharedResources/WebServiceDefinitions/Interface/Billing/BillingPayment/BillingPaymentManagement/Concrete/MC_SingleView_v1.wsdl,/SharedResources/SchemaDefinitions/Interface/Service/ServiceOrder/ServiceOrderManagement/OrderStatusNotification_v1.xsd,/SharedResources/SchemaDefinitions/Resource/FOS/aopd/order.xsd,/SharedResources/SchemaDefinitions/Internal/Common/CommonDefinitions/MSF/ServiceInstanceContext_v1.xsd,/SharedResources/Connections/RV/MSF-RV-DistributedQueue-Transport1.rvtransport,/SharedResources/Policies/FOM/SecurityPolicyAssociation_GetOMSOrders.securityPolicyAssociation,/AESchemas/ae/TREAdapters/TRE/in/crm_ext_to_eai.aeschema,/LogLevelControl/SharedVariable/LogLevelControl.sharedvariable,/SharedResources/SchemaDefinitions/CDM/Product/ProductTypes/ProductBaseTypes_v1.xsd,/UtilityProcesses/FOSDataAccessInterfaces/getOMSOrders.process,/SharedResources/SchemaDefinitions/CDM/Billing/BillingPayment/BillingPaymentManagement/DebitCardDetails_v1.xsd,/SharedResources/SchemaDefinitions/External/RV/RVMsgSchema.xsd,/SharedResources/SchemaDefinitions/CDM/Product/ProductSpecification/ProductSpecificationManagement/ProductSpecification_v1.xsd,/UtilityProcesses/FOSDataAccessInterfaces/cancelOrder.process,/SharedResources/SchemaDefinitions/Resource/Common/CommonDefinitions/MSF/Exception_v1.xsd,/SharedResources/SchemaDefinitions/Resource/FOS/aopd/plan.xsd,/UtilityProcesses/ProcessStats/SetStatsForProcess.process,/SharedResources/Connections/JDBC/MSF-JDBC-FOM-Connection.sharedjdbc,/SharedResources/Schemas/Public/Logging/LogRequest.xsd,/SharedResources/Java/CustomFunctions/Logging.javaxpath,/SharedResources/XML/Common/CommonDefinitions/MSF/StandardEnumerations.xml,/SharedResources/SchemaDefinitions/Resource/Common/CommonDefinitions/MSF/ExceptionMessage_v1.xsd,/SharedResources/Connections/JMS/MSF-JMS-CLE-Connection.sharedjmscon,/SharedResources/SchemaDefinitions/CDM/Common/CommonDefinitions/Discount_v1.xsd,/SharedResources/SchemaDefinitions/Interface/Service/ServiceOrder/ServiceOrderManagement/PSFT_TSO_v1.xsd,/UtilityProcesses/ServiceContext/GetServiceContext.process,/IntegrationServices/Customer/CustomerContract/CustomerContractManagement/MC_Contract_v1/CreateContract/Starter/CreateContact.process,/SharedResources/SchemaDefinitions/CDM/Common/CommonDefinitions/UDF_v1.xsd,/SharedResources/Java/CustomFunctions/XMLUtil.javaxpath,/SharedResources/WebServiceDefinitions/Interface/Billing/BillingPayment/BillingPaymentManagement/MC_SingleView_v1.wsdl,/SharedResources/MSF-RV-DistributedQueue-Transport_ChangeTariff.rvtransport,/IntegrationServices/Service/ServiceOrder/ServiceOrderManagement/MC_ServiceOrder_v1/SubmitServiceOrder/Starter/SubmitServiceOrder_ChangeTariff.process,/SharedResources/Policies/FOM/.folder,/SharedResources/SchemaDefinitions/Internal/Customer/CustomerContract/CustomerContractManagement/PSFT_ContractManagementResp_v1.xsd,/SharedResources/Policies/FOM/Security Policy.securityPolicy,/SharedResources/SchemaDefinitions/CDM/Billing/BillingTypes/BillingBaseTypes_v1.xsd,/AESchemas/ae/TREAdapters/TRE/in/crm_eai_to_ext.aeschema,/SharedResources/Policies/FOM/SecurityPolicyAssociation_CancelOrder.securityPolicyAssociation,/SharedResources/SchemaDefinitions/Internal/Common/CommonDefinitions/MSF/ExceptionDefinition_v1.xsd,/SharedResources/SchemaDefinitions/Resource/Common/CommonDefinitions/MSF/ExceptionInfo_v1.xsd,/SharedResources/SchemaDefinitions/Internal/Common/CommonDefinitions/MSF/ProcessStats_v1.xsd,/IntegrationServices/Customer/CustomerContract/CustomerContractManagement/MC_Contract_v1/UpdateContract/Starter/UpdateContact.process,/SharedResources/SchemaDefinitions/Internal/Common/CommonDefinitions/MSF/Enumerations_v1.xsd,/SharedResources/SharedVariables/Common/CommonDefinitions/MSF/StandardEnumerations.sharedvariable,/SharedResources/SchemaDefinitions/CDM/Billing/BillingPayment/BillingPaymentManagement/Voucher_v1.xsd,/SharedResources/SchemaDefinitions/CDM/Common/CommonEnumerations/Types_v1.xsd,/SharedResources/Connections/JMS/Properties/MSF-JMS-NONSOAP-Properties.sharedjmsapp,/SharedResources/SchemaDefinitions/CDM/Billing/BillingPayment/BillingPaymentManagement/CreditCardDetails_v1.xsd,/UtilityProcesses/ProcessStats/GetStatsForProcess.process,/SharedResources/ContextResources/InputContext.contextResource,/SharedResources/XSLT/Common/CommonDefinitions/MSF/ExceptionInfoTransform.xslt,/SharedResources/SchemaDefinitions/CDM/Common/CommonEnumerations/Channel_v1.xsd,/SharedResources/Connections/RV/MSF-RV-Reliable-Transport1.rvtransport,/SharedResources/SchemaDefinitions/Resource/FOS/orchestrator/sharedResources/schemas/classes/plan.xsd,/SharedResources/Connections/JMS/MSF-JMS-FOM-Connection.sharedjmscon,/UtilityProcesses/FOSDataAccessInterfaces/withdrawOrder.process,/SharedResources/WebServiceDefinitions/Interface/Service/ServiceOrder/ServiceOrderManagement/MC_ServiceOrder_v1.wsdl,/SharedResources/JobSharedVariables/ProcessStatistics.jobsharedvariable,/UtilityProcesses/Tracing/TraceStart.process,/SharedResources/ContextResources/OutputContext.contextResource,/SharedResources/WebServiceDefinitions/Interface/Service/ServiceOrder/ServiceOrderManagement/Concrete/MC_ServiceOrder_v1.wsdl,/SharedResources/Policies/FOM/SecurityPolicyAssociation_SubmitOrder.securityPolicyAssociation,/SharedResources/SchemaDefinitions/Interface/Billing/BillingPayment/BillingPaymentManagement/MC_SingleView_v1.xsd,/SharedResources/SchemaDefinitions/Internal/Customer/CustomerContract/CustomerContractManagement/MC_ContractManagement_WithoutNameSpace_v1.xsd,/SharedResources/WebServiceDefinitions/Interface/Product/ProductSpecification/ProductSpecificationManagement/MCFCManagement_v1.wsdl,/SharedResources/SchemaDefinitions/Resource/FOS/aopd/PlanFragment.xsd,/UtilityProcesses/ProcessActivityNames/GetParentProcessName.process,/IntegrationServices/Customer/CustomerContract/CustomerContractManagement/MC_Contract_v1/Service/CustomerContract_v1.serviceagent,/SharedResources/SchemaDefinitions/CDM/Common/CommonEnumerations/Organisation_v1.xsd,/SharedResources/SchemaDefinitions/CDM/Common/CommonEnumerations/DateFrequency_v1.xsd,/SharedResources/JobSharedVariables/InputMessageContext.jobsharedvariable,/Interface/Helper/HandleSendFailure.process,/SharedResources/MSF-RV-DistributedQueue-Transport_UpdateContract.rvtransport,/SharedResources/SchemaDefinitions/CDM/Common/CommonEnumerations/Status_v1.xsd,/SharedResources/SchemaDefinitions/CDM/Billing/BillingCommon/BillingEnumerations/BillingStatus_v1.xsd,/SharedResources/Connections/JDBC/MSF-JDBC-CLE-Connection.sharedjdbc,/SharedResources/SchemaDefinitions/CDM/Product/ProductSpecification/ProductSpecificationManagement/ProductAllowance_v1.xsd,/SharedResources/Schemas/Public/Common/RequestHeader.xsd,/SharedResources/SchemaDefinitions/Resource/FOS/aopd/resultFault.xsd,/SharedResources/SchemaDefinitions/CDM/Billing/BillingPayment/BillingPaymentManagement/DirectDebitDetails_v1.xsd,/IntegrationServices/Service/ServiceOrder/ServiceOrderManagement/MC_ServiceOrder_v1/SubmitServiceOrder/Starter/SubmitServiceOrder_POSUpgrade.process,/SharedResources/SchemaDefinitions/Interface/Product/ProductSpecification/ProductSpecificationManagement/MCFCManagement_v1.xsd,/SharedResources/WebServiceDefinitions/Interface/Customer/CustomerContract/CustomerContractManagement/MC_CustomerContract_v1.wsdl,/SharedResources/SchemaDefinitions/CDM/Billing/BillingPayment/BillingPaymentManagement/BankDetails_v1.xsd,/AESchemas/sequence/ae/PeopleSoft.aeschema,/SharedResources/SchemaDefinitions/Resource/FOS/orchestrator/sharedResources/schemas/classes/order.xsd</value>
            <description>External resource configuration required by the archive.</description>
            <requiresConfiguration>false</requiresConfiguration>
            <disableConfigureAtDeployment>true</disableConfigureAtDeployment>
        </NameValuePair>
    </NameValuePairs>
    <NameValuePairs>
        <name>Runtime Variables</name>
        <NameValuePair>
            <name>SharedResources/Connections/JDBC/MSF-JDBC-Connection1/DBURL</name>
            <value>jdbc:oracle:thin:@10.97.119.25:1521:ORCL</value>
            <requiresConfiguration>true</requiresConfiguration>
        </NameValuePair>
        <NameValuePairBoolean>
            <name>MSF/Logging/LogEnabled</name>
            <value>true</value>
            <requiresConfiguration>true</requiresConfiguration>
        </NameValuePairBoolean>
        <NameValuePair>
            <name>SharedResources/Connections/JMS/MSF-JMS-FOM-Connection/UserName</name>
            <value>tibco</value>
            <requiresConfiguration>true</requiresConfiguration>
        </NameValuePair>
        <NameValuePair>
            <name>SharedResources/Connections/JMS/MSF-JMS-MON-Connection/TopicConnectionFactory</name>
            <value>TopicConnectionFactory</value>
            <requiresConfiguration>true</requiresConfiguration>
        </NameValuePair>
        <NameValuePair>
            <name>SharedResources/Connections/JMS/MSF-JMS-BPM-Connection/UserName</name>
            <value>tibco</value>
            <requiresConfiguration>true</requiresConfiguration>
        </NameValuePair>
        <NameValuePair>
            <name>SharedResources/Connections/JMS/MSF-JMS-FOM-Connection/QueueConnectionFactory</name>
            <value>QueueConnectionFactory</value>
            <requiresConfiguration>true</requiresConfiguration>
        </NameValuePair>
        <NameValuePair>
            <name>SharedResources/Connections/JDBC/MSF-JDBC-FOM-Connection/DBURL</name>
            <value>jdbc:oracle:thin:@10.97.119.25:1521:ORCL</value>
            <requiresConfiguration>true</requiresConfiguration>
        </NameValuePair>
        <NameValuePairPassword>
            <name>SharedResources/Connections/JMS/MSF-JMS-MON-Connection/JNDIPassword</name>
            <value>#!wZKJW9ISo6zDZsYl34g7GhQUgvbvwbPnsTXODOtWcDg=</value>
            <requiresConfiguration>true</requiresConfiguration>
        </NameValuePairPassword>
        <NameValuePairPassword>
            <name>SharedResources/Connections/JMS/MSF-JMS-INT-Connection/JNDIPassword</name>
            <value>#!Pbwl2mi7FYPBBfptn0lklZB8FCvDhWK6FY5Lm5c8kmU=</value>
            <requiresConfiguration>true</requiresConfiguration>
        </NameValuePairPassword>
        <NameValuePair>
            <name>SharedResources/Connections/JMS/MSF-JMS-INT-Connection/JNDIContextFactory</name>
            <value>com.tibco.tibjms.naming.TibjmsInitialContextFactory</value>
            <requiresConfiguration>true</requiresConfiguration>
        </NameValuePair>
        <NameValuePair>
            <name>SharedResources/Connections/JMS/MSF-JMS-INT-Connection/ClientID</name>
            <value/>
            <requiresConfiguration>true</requiresConfiguration>
        </NameValuePair>
        <NameValuePairBoolean>
            <name>MSF/Tracing/TraceEnabled</name>
            <value>true</value>
            <requiresConfiguration>true</requiresConfiguration>
        </NameValuePairBoolean>
        <NameValuePairPassword>
            <name>SharedResources/Connections/JMS/MSF-JMS-INT-Connection/Password</name>
            <value>#!5cDhFV82MRrPEEGPzMYrw7dw8Uo8eyScL69Z4LmHYNw=</value>
            <requiresConfiguration>true</requiresConfiguration>
        </NameValuePairPassword>
        <NameValuePair>
            <name>SharedResources/Connections/JDBC/MSF-JDBC-CLE-Connection/MaxConnections</name>
            <value>10</value>
            <requiresConfiguration>true</requiresConfiguration>
        </NameValuePair>
        <NameValuePairBoolean>
            <name>MSF/Exceptions/ExceptionLogging/LogBusiness</name>
            <value>true</value>
            <requiresConfiguration>true</requiresConfiguration>
        </NameValuePairBoolean>
        <NameValuePair>
            <name>SharedResources/Connections/JMS/MSF-JMS-MON-Connection/JNDIContextURL</name>
            <value>tibjmsnaming://tgs-3uk-centos64-1:7232</value>
            <requiresConfiguration>true</requiresConfiguration>
        </NameValuePair>
        <NameValuePair>
            <name>SharedResources/Connections/JMS/MSF-JMS-BPM-Connection/TopicConnectionFactory</name>
            <value>TopicConnectionFactory</value>
            <requiresConfiguration>true</requiresConfiguration>
        </NameValuePair>
        <NameValuePair>
            <name>SharedResources/Connections/JMS/MSF-JMS-FOM-Connection/JNDIContextFactory</name>
            <value>com.tibco.tibjms.naming.TibjmsInitialContextFactory</value>
            <requiresConfiguration>true</requiresConfiguration>
        </NameValuePair>
        <NameValuePairPassword>
            <name>SharedResources/Connections/JMS/MSF-JMS-MON-Connection/Password</name>
            <value>#!ujbhkSMoJ0qkQFkxjNRt4d2HQ9nQhJRYunW6iLpeX40=</value>
            <requiresConfiguration>true</requiresConfiguration>
        </NameValuePairPassword>
        <NameValuePair>
            <name>SharedResources/Connections/JMS/MSF-JMS-FOM-Connection/TopicConnectionFactory</name>
            <value>TopicConnectionFactory</value>
            <requiresConfiguration>true</requiresConfiguration>
        </NameValuePair>
        <NameValuePairPassword>
            <name>SharedResources/Connections/JDBC/MSF-JDBC-FOM-Connection/Password</name>
            <value>#!2w1uQWbDpbByDf4hAnhgCCYBO+vw3ZMkA9RoHY+XjQA=</value>
            <requiresConfiguration>true</requiresConfiguration>
        </NameValuePairPassword>
        <NameValuePairBoolean>
            <name>SharedResources/Connections/JMS/MSF-JMS-Connection1/AutoGenerateClientID</name>
            <value>true</value>
            <requiresConfiguration>true</requiresConfiguration>
        </NameValuePairBoolean>
        <NameValuePair>
            <name>SharedResources/Connections/JMS/MSF-JMS-FOM-Connection/ClientID</name>
            <value/>
            <requiresConfiguration>true</requiresConfiguration>
        </NameValuePair>
        <NameValuePairPassword>
            <name>SharedResources/Connections/JMS/MSF-JMS-Connection1/Password</name>
            <value>#!w7qAQ9865tS1PJVu6CuvH9tVcl0CJHDsabAKSv2Yfnk=</value>
            <requiresConfiguration>true</requiresConfiguration>
        </NameValuePairPassword>
        <NameValuePairPassword>
            <name>SharedResources/Connections/JDBC/MSF-JDBC-Connection1/Password</name>
            <value>#!6X5s7qcqjo2N5z1fHfJ85EJBwKBxztmCP+zcOO1dGdE=</value>
            <requiresConfiguration>true</requiresConfiguration>
        </NameValuePairPassword>
        <NameValuePair>
            <name>SharedResources/Connections/HTTP/MSF-HTTPS-Connection1/Port</name>
            <value>6060</value>
            <requiresConfiguration>true</requiresConfiguration>
        </NameValuePair>
        <NameValuePairBoolean>
            <name>SharedResources/Connections/JMS/MSF-JMS-BPM-Connection/AutoGenerateClientID</name>
            <value>true</value>
            <requiresConfiguration>true</requiresConfiguration>
        </NameValuePairBoolean>
        <NameValuePair>
            <name>SharedResources/Connections/JDBC/MSF-JDBC-CLE-Connection/LoginTimeout</name>
            <value>0</value>
            <requiresConfiguration>true</requiresConfiguration>
        </NameValuePair>
        <NameValuePairInteger>
            <name>MSF/Exceptions/ExceptionLogging/LogToTopic/SleepOnRetryMillisec</name>
            <value>1000</value>
            <requiresConfiguration>true</requiresConfiguration>
        </NameValuePairInteger>
        <NameValuePair>
            <name>SharedResources/Connections/JMS/MSF-JMS-FOM-Connection/JNDIUserName</name>
            <value>tibco</value>
            <requiresConfiguration>true</requiresConfiguration>
        </NameValuePair>
        <NameValuePair>
            <name>SharedResources/Connections/JDBC/MSF-JDBC-Connection1/LoginTimeout</name>
            <value>0</value>
            <requiresConfiguration>true</requiresConfiguration>
        </NameValuePair>
        <NameValuePair>
            <name>SharedResources/Connections/JMS/MSF-JMS-INT-Connection/UserName</name>
            <value>tibco</value>
            <requiresConfiguration>true</requiresConfiguration>
        </NameValuePair>
        <NameValuePair>
            <name>SharedResources/Connections/RV/CMQName_UpdateContract</name>
            <value>CMQ_SubmitServiceOrder_SUB_UpdateContract</value>
            <requiresConfiguration>true</requiresConfiguration>
        </NameValuePair>
        <NameValuePair>
            <name>SharedResources/Connections/JDBC/MSF-JDBC-FOM-Connection/MaxConnections</name>
            <value>10</value>
            <requiresConfiguration>true</requiresConfiguration>
        </NameValuePair>
        <NameValuePair>
            <name>SharedResources/Connections/HTTP/MSF-HTTP-Connection1/Port</name>
            <value>6060</value>
            <requiresConfiguration>true</requiresConfiguration>
        </NameValuePair>
        <NameValuePair>
            <name>SharedResources/Connections/JDBC/MSF-JDBC-CLE-Connection/UserName</name>
            <value>cleuser</value>
            <requiresConfiguration>true</requiresConfiguration>
        </NameValuePair>
        <NameValuePair>
            <name>SharedResources/Connections/JDBC/MSF-JDBC-FOM-Connection/JDBCDriver</name>
            <value>oracle.jdbc.driver.OracleDriver (thin)</value>
            <requiresConfiguration>true</requiresConfiguration>
        </NameValuePair>
        <NameValuePairBoolean>
            <name>SharedResources/Connections/JMS/MSF-JMS-MON-Connection/AutoGenerateClientID</name>
            <value>true</value>
            <requiresConfiguration>true</requiresConfiguration>
        </NameValuePairBoolean>
        <NameValuePairBoolean>
            <name>SharedResources/Connections/JMS/MSF-JMS-INT-Connection/AutoGenerateClientID</name>
            <value>true</value>
            <requiresConfiguration>true</requiresConfiguration>
        </NameValuePairBoolean>
        <NameValuePair>
            <name>SharedResources/Connections/RV/CMQName_CreateContract</name>
            <value>CMQ_SubmitServiceOrder_SUB_CreateContract</value>
            <requiresConfiguration>true</requiresConfiguration>
        </NameValuePair>
        <NameValuePair>
            <name>SharedResources/Connections/RV/CMQName_ChangeTariff</name>
            <value>CMQ_SubmitServiceOrder_SUB_ChangeTariff</value>
            <requiresConfiguration>true</requiresConfiguration>
        </NameValuePair>
        <NameValuePairInteger>
            <name>MSF/Exceptions/ExceptionLogging/LogToTopic/Retries</name>
            <value>2</value>
            <requiresConfiguration>true</requiresConfiguration>
        </NameValuePairInteger>
        <NameValuePairPassword>
            <name>SharedResources/Connections/JMS/MSF-JMS-FOM-Connection/JNDIPassword</name>
            <value>#!D+E7PVFMBs/LcsKqkbxfmhhgLBSBKmx58n3tTrmd4n0=</value>
            <requiresConfiguration>true</requiresConfiguration>
        </NameValuePairPassword>
        <NameValuePair>
            <name>SharedResources/Connections/JDBC/MSF-JDBC-CLE-Connection/JDBCDriver</name>
            <value>oracle.jdbc.driver.OracleDriver (thin)</value>
            <requiresConfiguration>true</requiresConfiguration>
        </NameValuePair>
        <NameValuePair>
            <name>SharedResources/Connections/JMS/MSF-JMS-Connection1/JNDIContextFactory</name>
            <value>com.tibco.tibjms.naming.TibjmsInitialContextFactory</value>
            <requiresConfiguration>true</requiresConfiguration>
        </NameValuePair>
        <NameValuePair>
            <name>Destinations/Topics/MSF-XX/MSF/LogException_v1</name>
            <value>MSF-XX.PUB.TIB.LOGEXCEPTION.XML.V1</value>
            <requiresConfiguration>true</requiresConfiguration>
        </NameValuePair>
        <NameValuePairInteger>
            <name>IntegrationServices/Billing/BillingPayment/BillingPaymentManagement/MC_SingleView_v1/MaxSessions</name>
            <value>1</value>
            <requiresConfiguration>true</requiresConfiguration>
        </NameValuePairInteger>
        <NameValuePair>
            <name>SharedResources/Connections/JMS/MSF-JMS-FOM-Connection/JNDIContextURL</name>
            <value>tibjmsnaming://tgs-3uk-centos64-1:7222</value>
            <requiresConfiguration>true</requiresConfiguration>
        </NameValuePair>
        <NameValuePair>
            <name>SharedResources/Connections/JMS/MSF-JMS-MON-Connection/JNDIContextFactory</name>
            <value>com.tibco.tibjms.naming.TibjmsInitialContextFactory</value>
            <requiresConfiguration>true</requiresConfiguration>
        </NameValuePair>
        <NameValuePairPassword>
            <name>SharedResources/Connections/JMS/MSF-JMS-BPM-Connection/JNDIPassword</name>
            <value>#!DlvXzb8j3Q3pgUKhSEaGhwmWuWiGitVcYp2elby0NFc=</value>
            <requiresConfiguration>true</requiresConfiguration>
        </NameValuePairPassword>
        <NameValuePair>
            <name>SharedResources/Connections/JMS/MSF-JMS-Connection1/ClientID</name>
            <value/>
            <requiresConfiguration>true</requiresConfiguration>
        </NameValuePair>
        <NameValuePair>
            <name>SharedResources/Connections/JMS/MSF-JMS-Connection1/QueueConnectionFactory</name>
            <value>QueueConnectionFactory</value>
            <requiresConfiguration>true</requiresConfiguration>
        </NameValuePair>
        <NameValuePair>
            <name>SharedResources/Connections/JMS/MSF-JMS-BPM-Connection/JNDIUserName</name>
            <value>tibco</value>
            <requiresConfiguration>true</requiresConfiguration>
        </NameValuePair>
        <NameValuePair>
            <name>SharedResources/Connections/JMS/MSF-JMS-MON-Connection/QueueConnectionFactory</name>
            <value>QueueConnectionFactory</value>
            <requiresConfiguration>true</requiresConfiguration>
        </NameValuePair>
        <NameValuePair>
            <name>SharedResources/Connections/JMS/MSF-JMS-Connection1/TopicConnectionFactory</name>
            <value>TopicConnectionFactory</value>
            <requiresConfiguration>true</requiresConfiguration>
        </NameValuePair>
        <NameValuePair>
            <name>SharedResources/Connections/JMS/MSF-JMS-INT-Connection/QueueConnectionFactory</name>
            <value>QueueConnectionFactory</value>
            <requiresConfiguration>true</requiresConfiguration>
        </NameValuePair>
        <NameValuePair>
            <name>SharedResources/Connections/JMS/MSF-JMS-Connection1/UserName</name>
            <value>tibco</value>
            <requiresConfiguration>true</requiresConfiguration>
        </NameValuePair>
        <NameValuePair>
            <name>SharedResources/Connections/JDBC/MSF-JDBC-Connection1/JDBCDriver</name>
            <value>oracle.jdbc.driver.OracleDriver (thin)</value>
            <requiresConfiguration>true</requiresConfiguration>
        </NameValuePair>
        <NameValuePairPassword>
            <name>SharedResources/Connections/JMS/MSF-JMS-Connection1/JNDIPassword</name>
            <value>#!xbZcFRbMmjyARZYh/lcatgx1XMbxKLHxA3FvIIvLqqg=</value>
            <requiresConfiguration>true</requiresConfiguration>
        </NameValuePairPassword>
        <NameValuePairBoolean>
            <name>MSF/Exceptions/ExceptionLogging/LogTechnical</name>
            <value>true</value>
            <requiresConfiguration>true</requiresConfiguration>
        </NameValuePairBoolean>
        <NameValuePairInteger>
            <name>IntegrationServices/Billing/BillingPayment/BillingPaymentManagement/MC_SingleView_v1/ServiceClient/RetryIntervalSec</name>
            <value>5</value>
            <requiresConfiguration>true</requiresConfiguration>
        </NameValuePairInteger>
        <NameValuePair>
            <name>SharedResources/Connections/JDBC/MSF-JDBC-CLE-Connection/DBURL</name>
            <value>jdbc:oracle:thin:@10.97.119.25:1521:ORCL</value>
            <requiresConfiguration>true</requiresConfiguration>
        </NameValuePair>
        <NameValuePairBoolean>
            <name>MSF/Exceptions/ExceptionLogging/LogUser</name>
            <value>true</value>
            <requiresConfiguration>true</requiresConfiguration>
        </NameValuePairBoolean>
        <NameValuePairBoolean>
            <name>MSF/Exceptions/ExceptionLogging/LogPayload</name>
            <value>true</value>
            <requiresConfiguration>true</requiresConfiguration>
        </NameValuePairBoolean>
        <NameValuePairPassword>
            <name>SharedResources/Connections/JMS/MSF-JMS-FOM-Connection/Password</name>
            <value>#!WSEQX3ImPNH6USnDGqmsAbFVrtnTqQ0noFZSBp+jS10=</value>
            <requiresConfiguration>true</requiresConfiguration>
        </NameValuePairPassword>
        <NameValuePair>
            <name>MSF/Exceptions/ExceptionLogging/ActionOnFailure</name>
            <value>CONTINUE</value>
            <requiresConfiguration>true</requiresConfiguration>
        </NameValuePair>
        <NameValuePair>
            <name>SharedResources/Connections/RV/CMQName_POSUPGRADE</name>
            <value>CMQ_SubmitServiceOrder_SUB_POSUPGRADE</value>
            <requiresConfiguration>true</requiresConfiguration>
        </NameValuePair>
        <NameValuePair>
            <name>SharedResources/Connections/JMS/MSF-JMS-BPM-Connection/ClientID</name>
            <value/>
            <requiresConfiguration>true</requiresConfiguration>
        </NameValuePair>
        <NameValuePairBoolean>
            <name>MSF/Exceptions/ExceptionLogging/LogToTopic/Enabled</name>
            <value>false</value>
            <requiresConfiguration>true</requiresConfiguration>
        </NameValuePairBoolean>
        <NameValuePair>
            <name>SharedResources/Connections/JMS/MSF-JMS-MON-Connection/JNDIUserName</name>
            <value>tibco</value>
            <requiresConfiguration>true</requiresConfiguration>
        </NameValuePair>
        <NameValuePair>
            <name>SharedResources/Connections/JDBC/MSF-JDBC-FOM-Connection/UserName</name>
            <value>fomoms21</value>
            <requiresConfiguration>true</requiresConfiguration>
        </NameValuePair>
        <NameValuePair>
            <name>SharedResources/Connections/JDBC/MSF-JDBC-Connection1/UserName</name>
            <value/>
            <requiresConfiguration>true</requiresConfiguration>
        </NameValuePair>
        <NameValuePair>
            <name>SharedResources/Connections/JDBC/MSF-JDBC-Connection1/MaxConnections</name>
            <value>10</value>
            <requiresConfiguration>true</requiresConfiguration>
        </NameValuePair>
        <NameValuePair>
            <name>SharedResources/Connections/JMS/MSF-JMS-MON-Connection/ClientID</name>
            <value/>
            <requiresConfiguration>true</requiresConfiguration>
        </NameValuePair>
        <NameValuePair>
            <name>SharedResources/Connections/JMS/MSF-JMS-Connection1/JNDIUserName</name>
            <value>tibco</value>
            <requiresConfiguration>true</requiresConfiguration>
        </NameValuePair>
        <NameValuePair>
            <name>SharedResources/Connections/JMS/MSF-JMS-BPM-Connection/JNDIContextFactory</name>
            <value>com.tibco.tibjms.naming.TibjmsInitialContextFactory</value>
            <requiresConfiguration>true</requiresConfiguration>
        </NameValuePair>
        <NameValuePair>
            <name>SharedResources/Connections/HTTP/MSF-HTTP-Connection1/Host</name>
            <value>localhost</value>
            <requiresConfiguration>true</requiresConfiguration>
        </NameValuePair>
        <NameValuePair>
            <name>SharedResources/Connections/JMS/MSF-JMS-INT-Connection/JNDIContextURL</name>
            <value>tibjmsnaming://tgs-3uk-centos64-1:7242</value>
            <requiresConfiguration>true</requiresConfiguration>
        </NameValuePair>
        <NameValuePair>
            <name>SharedResources/Connections/JMS/MSF-JMS-MON-Connection/UserName</name>
            <value>tibco</value>
            <requiresConfiguration>true</requiresConfiguration>
        </NameValuePair>
        <NameValuePairBoolean>
            <name>SharedResources/Connections/JMS/MSF-JMS-FOM-Connection/AutoGenerateClientID</name>
            <value>true</value>
            <requiresConfiguration>true</requiresConfiguration>
        </NameValuePairBoolean>
        <NameValuePair>
            <name>SharedResources/Connections/HTTP/MSF-HTTPS-Connection1/Host</name>
            <value>localhost</value>
            <requiresConfiguration>true</requiresConfiguration>
        </NameValuePair>
        <NameValuePairInteger>
            <name>IntegrationServices/Billing/BillingPayment/BillingPaymentManagement/MC_SingleView_v1/ServiceClient/TimeoutSec</name>
            <value>10</value>
            <requiresConfiguration>true</requiresConfiguration>
        </NameValuePairInteger>
        <NameValuePair>
            <name>SharedResources/Connections/JMS/MSF-JMS-Connection1/JNDIContextURL</name>
            <value>tibjmsnaming://tgs-3uk-centos64-1:7242</value>
            <requiresConfiguration>true</requiresConfiguration>
        </NameValuePair>
        <NameValuePairBoolean>
            <name>MSF/Audit/AuditEnabled</name>
            <value>true</value>
            <requiresConfiguration>true</requiresConfiguration>
        </NameValuePairBoolean>
        <NameValuePairPassword>
            <name>SharedResources/Connections/JMS/MSF-JMS-BPM-Connection/Password</name>
            <value>#!GjQTB9aq7DgjN42K+I8qTG9M/wLIashhxlILSM2xRAg=</value>
            <requiresConfiguration>true</requiresConfiguration>
        </NameValuePairPassword>
        <NameValuePairInteger>
            <name>IntegrationServices/Billing/BillingPayment/BillingPaymentManagement/MC_SingleView_v1/ServiceClient/JMSExpirationSec</name>
            <value>10</value>
            <requiresConfiguration>true</requiresConfiguration>
        </NameValuePairInteger>
        <NameValuePair>
            <name>SharedResources/Connections/JMS/MSF-JMS-INT-Connection/JNDIUserName</name>
            <value>tibco</value>
            <requiresConfiguration>true</requiresConfiguration>
        </NameValuePair>
        <NameValuePairPassword>
            <name>SharedResources/Connections/JDBC/MSF-JDBC-CLE-Connection/Password</name>
            <value>#!ZAc7YHv0owSgiuhN4NoNL9x5Y69s5C3zfaLTkSO+wAw=</value>
            <requiresConfiguration>true</requiresConfiguration>
        </NameValuePairPassword>
        <NameValuePair>
            <name>SharedResources/Connections/JMS/MSF-JMS-BPM-Connection/JNDIContextURL</name>
            <value>tibjmsnaming://tgs-3uk-centos64-1:7252</value>
            <requiresConfiguration>true</requiresConfiguration>
        </NameValuePair>
        <NameValuePair>
            <name>SharedResources/Connections/JMS/MSF-JMS-INT-Connection/TopicConnectionFactory</name>
            <value>TopicConnectionFactory</value>
            <requiresConfiguration>true</requiresConfiguration>
        </NameValuePair>
        <NameValuePair>
            <name>SharedResources/Connections/JDBC/MSF-JDBC-FOM-Connection/LoginTimeout</name>
            <value>0</value>
            <requiresConfiguration>true</requiresConfiguration>
        </NameValuePair>
        <NameValuePairInteger>
            <name>MSF/Logging/LogLevel</name>
            <value>4</value>
            <requiresConfiguration>true</requiresConfiguration>
        </NameValuePairInteger>
        <NameValuePairInteger>
            <name>IntegrationServices/Billing/BillingPayment/BillingPaymentManagement/MC_SingleView_v1/ServiceClient/SendRetries</name>
            <value>2</value>
            <requiresConfiguration>true</requiresConfiguration>
        </NameValuePairInteger>
        <NameValuePair>
            <name>SharedResources/Connections/JMS/MSF-JMS-BPM-Connection/QueueConnectionFactory</name>
            <value>QueueConnectionFactory</value>
            <requiresConfiguration>true</requiresConfiguration>
        </NameValuePair>
    </NameValuePairs>
    <DeploymentDescriptorFactory>
        <name>{http://www.tibco.com/xmlns/checkpoint}BwCheckpoint</name>
        <deploymentDescriptorFactoryClassName>com.tibco.dd.bw.BwCheckpoint</deploymentDescriptorFactoryClassName>
        <deploymentDescriptorXsdFileName>com/tibco/dd/bw/BwCheckpoint.xsd</deploymentDescriptorXsdFileName>
    </DeploymentDescriptorFactory>
    <chk:BwCheckpoint xmlns:chk="http://www.tibco.com/xmlns/checkpoint">
        <name>TIBCO BusinessWorks Checkpoint Data Repository</name>
        <chk:availableSharedResourceName>/SharedResources/Connections/JDBC/MSF-JDBC-CLE-Connection</chk:availableSharedResourceName>
        <chk:availableSharedResourceName>/SharedResources/Connections/JDBC/MSF-JDBC-Connection1</chk:availableSharedResourceName>
        <chk:availableSharedResourceName>/SharedResources/Connections/JDBC/MSF-JDBC-FOM-Connection</chk:availableSharedResourceName>
        <chk:useSharedResource>false</chk:useSharedResource>
        <!--<chk:tablePrefix>Process_Ar_94870588</chk:tablePrefix>-->
    </chk:BwCheckpoint>
    <DeploymentDescriptorFactory>
        <name>{http://www.tibco.com/xmlns/pdconfiguration}BwBPConfigurations</name>
        <deploymentDescriptorFactoryClassName>com.tibco.dd.bw.BwBPConfigurations</deploymentDescriptorFactoryClassName>
        <deploymentDescriptorXsdFileName>com/tibco/dd/bw/BwBPConfigurations.xsd</deploymentDescriptorXsdFileName>
    </DeploymentDescriptorFactory>
    <pd:BwBPConfigurations xmlns:pd="http://www.tibco.com/xmlns/pdconfiguration">
        <name>TIBCO BusinessWorks Process Configurations</name>
        <pd:BwBPConfiguration>
            <pd:processDefinitionName>IntegrationServices/Service/ServiceOrder/ServiceOrderManagement/MC_ServiceOrder_v1/SubmitServiceOrder/Starter/SubmitServiceOrder_POSUpgrade.process</pd:processDefinitionName>
            <pd:isDynamicCallProcess>false</pd:isDynamicCallProcess>
            <pd:processDefinitionStarterName>RV_RVS_POSUpgrade</pd:processDefinitionStarterName>
            <pd:enabled>true</pd:enabled>
            <pd:maxJobs>0</pd:maxJobs>
            <pd:activation>true</pd:activation>
            <!--<pd:flowLimit>0</pd:flowLimit>-->
        </pd:BwBPConfiguration>
        <pd:BwBPConfiguration>
            <pd:processDefinitionName>IntegrationServices/Customer/CustomerContract/CustomerContractManagement/MC_Contract_v1/Service/CustomerContract_v1.serviceagent</pd:processDefinitionName>
            <pd:isDynamicCallProcess>false</pd:isDynamicCallProcess>
            <pd:processDefinitionStarterName>CustomerContract_v1</pd:processDefinitionStarterName>
            <pd:enabled>true</pd:enabled>
            <pd:maxJobs>0</pd:maxJobs>
            <pd:activation>true</pd:activation>
            <!--<pd:flowLimit>0</pd:flowLimit>-->
        </pd:BwBPConfiguration>
        <pd:BwBPConfiguration>
            <pd:processDefinitionName>IntegrationServices/Service/ServiceOrder/ServiceOrderManagement/MC_ServiceOrder_v1/SubmitServiceOrder/Starter/SubmitServiceOrder_ChangeTariff.process</pd:processDefinitionName>
            <pd:isDynamicCallProcess>false</pd:isDynamicCallProcess>
            <pd:processDefinitionStarterName>RV_RVS_ChangeTariif</pd:processDefinitionStarterName>
            <pd:enabled>true</pd:enabled>
            <pd:maxJobs>0</pd:maxJobs>
            <pd:activation>true</pd:activation>
            <!--<pd:flowLimit>0</pd:flowLimit>-->
        </pd:BwBPConfiguration>
        <pd:BwBPConfiguration>
            <pd:processDefinitionName>IntegrationServices/Customer/CustomerContract/CustomerContractManagement/MC_Contract_v1/UpdateContract/Starter/UpdateContact.process</pd:processDefinitionName>
            <pd:isDynamicCallProcess>false</pd:isDynamicCallProcess>
            <pd:processDefinitionStarterName>RV_RVS_UpdateContract</pd:processDefinitionStarterName>
            <pd:enabled>true</pd:enabled>
            <pd:maxJobs>0</pd:maxJobs>
            <pd:activation>true</pd:activation>
            <!--<pd:flowLimit>0</pd:flowLimit>-->
        </pd:BwBPConfiguration>
        <pd:BwBPConfiguration>
            <pd:processDefinitionName>IntegrationServices/Service/ServiceOrder/ServiceOrderManagement/MC_ServiceOrder_v1/Service/ServiceOrder_v1.serviceagent</pd:processDefinitionName>
            <pd:isDynamicCallProcess>false</pd:isDynamicCallProcess>
            <pd:processDefinitionStarterName>ServiceOrder_v1</pd:processDefinitionStarterName>
            <pd:enabled>true</pd:enabled>
            <pd:maxJobs>0</pd:maxJobs>
            <pd:activation>true</pd:activation>
            <!--<pd:flowLimit>0</pd:flowLimit>-->
        </pd:BwBPConfiguration>
        <pd:BwBPConfiguration>
            <pd:processDefinitionName>IntegrationServices/Customer/CustomerContract/CustomerContractManagement/MC_Contract_v1/CreateContract/Starter/CreateContact.process</pd:processDefinitionName>
            <pd:isDynamicCallProcess>false</pd:isDynamicCallProcess>
            <pd:processDefinitionStarterName>RV_RVS_CreateContract</pd:processDefinitionStarterName>
            <pd:enabled>true</pd:enabled>
            <pd:maxJobs>0</pd:maxJobs>
            <pd:activation>true</pd:activation>
            <!--<pd:flowLimit>0</pd:flowLimit>-->
        </pd:BwBPConfiguration>
        <pd:BwBPConfiguration>
            <pd:processDefinitionName>IntegrationServices/Service/ServiceOrder/ServiceOrderManagement/MC_ServiceOrder_v1/SubmitServiceOrder/Starter/SendFinalResponse.process</pd:processDefinitionName>
            <pd:isDynamicCallProcess>false</pd:isDynamicCallProcess>
            <pd:processDefinitionStarterName>JMS Queue Receiver</pd:processDefinitionStarterName>
            <pd:enabled>true</pd:enabled>
            <pd:maxJobs>0</pd:maxJobs>
            <pd:activation>true</pd:activation>
            <!--<pd:flowLimit>0</pd:flowLimit>-->
        </pd:BwBPConfiguration>
    </pd:BwBPConfigurations>
    <DeploymentDescriptorFactory>
        <name>{http://www.tibco.com/xmlns/dd}SupportsFaultTolerance</name>
        <deploymentDescriptorFactoryClassName>com.tibco.archive.helpers.SupportsFaultTolerance</deploymentDescriptorFactoryClassName>
    </DeploymentDescriptorFactory>
    <SupportsFaultTolerance>
        <name>SupportsFaultTolerance</name>
    </SupportsFaultTolerance>
    <NameValuePairs>
        <name>Adapter SDK Properties</name>
        <NameValuePair>
            <name>Trace.Task.*</name>
            <value>false</value>
            <description>Activity Trace Controls activity invocation trace</description>
            <requiresConfiguration>false</requiresConfiguration>
        </NameValuePair>
        <NameValuePair>
            <name>EnableMemorySavingMode</name>
            <value>false</value>
            <description>Memory Saving Mode controls process variable memory saving mode</description>
            <requiresConfiguration>false</requiresConfiguration>
        </NameValuePair>
        <NameValuePair>
            <name>bw.engine.enableJobRecovery</name>
            <value>false</value>
            <description>maintain checkpoints for failed processes enables the preservation of checkpoints for process instances that end with a fault</description>
            <requiresConfiguration>false</requiresConfiguration>
        </NameValuePair>
        <NameValuePair>
            <name>bw.engine.autoCheckpointRestart</name>
            <value>true</value>
            <description>auto checkpoint restart controls automatic restarting of checkpoints when engine first starts up</description>
            <requiresConfiguration>false</requiresConfiguration>
        </NameValuePair>
        <NameValuePair>
            <name>bw.engine.jobstats.enable</name>
            <value>false</value>
            <description>maintain job history file controls maintence of job history csv file</description>
            <requiresConfiguration>false</requiresConfiguration>
        </NameValuePair>
        <NameValuePair>
            <name>log.file.encoding</name>
            <value/>
            <description>set log file encoding controls log file encoding</description>
            <requiresConfiguration>false</requiresConfiguration>
        </NameValuePair>
        <NameValuePair>
            <name>bw.engine.emaEnabled</name>
            <value>false</value>
            <description>Enables Enterprise Management Advisor Interface Enables Enterprise Management Advisor driven process control based on resource state</description>
            <requiresConfiguration>false</requiresConfiguration>
        </NameValuePair>
        <NameValuePair>
            <name>bw.container.service</name>
            <value/>
            <description>BW Service Container Enables BW engine to be hosted within a container</description>
            <requiresConfiguration>false</requiresConfiguration>
        </NameValuePair>
        <NameValuePair>
            <name>bw.container.service.rmi.port</name>
            <value>9995</value>
            <description>BW Service Container RMI Port Enables Container Communication Port</description>
            <requiresConfiguration>false</requiresConfiguration>
        </NameValuePair>
        <NameValuePair>
            <name>bw.platform.services.retreiveresources.Enabled</name>
            <value>false</value>
            <description>Built-in Resource Provider Activation Enables Built in Resource Provider</description>
            <requiresConfiguration>false</requiresConfiguration>
        </NameValuePair>
        <NameValuePair>
            <name>bw.platform.services.retreiveresources.Hostname</name>
            <value>localhost</value>
            <description>Built-in Resource Provider Host Sets Built-in Resource Provider Host Name</description>
            <requiresConfiguration>false</requiresConfiguration>
        </NameValuePair>
        <NameValuePair>
            <name>bw.platform.services.retreiveresources.Httpport</name>
            <value>8010</value>
            <description>Built-in Resource Provider Http Port Sets Built-in Resource Provider Http Port Number</description>
            <requiresConfiguration>false</requiresConfiguration>
        </NameValuePair>
        <NameValuePair>
            <name>bw.platform.services.retreiveresources.defaultEncoding</name>
            <value>ISO8859_1</value>
            <description>Built-in Resource Provider Default Encoding Sets Built-in Resource Provider defaultEncoding</description>
            <requiresConfiguration>false</requiresConfiguration>
        </NameValuePair>
        <NameValuePair>
            <name>bw.platform.services.retreiveresources.enableLookups</name>
            <value>false</value>
            <description>Built-in Resource Provider DNS Lookups Enables Built-in Resource Provider DNS Lookups</description>
            <requiresConfiguration>false</requiresConfiguration>
        </NameValuePair>
        <NameValuePair>
            <name>bw.platform.services.retreiveresources.isSecure</name>
            <value>false</value>
            <description>Built-in Resource Provider Secure Socket Layer(SSL) support Enables Built-in Resource Provider Secure Socket Layer(SSL) support</description>
            <requiresConfiguration>false</requiresConfiguration>
        </NameValuePair>
        <NameValuePair>
            <name>bw.platform.services.retreiveresources.identity</name>
            <value>/Identity_HTTPConnection.id</value>
            <description>Built-in Resource Provider Identity  Sets Built-in Resource Provider Identity if Secure Socket Layer(SSL) support is enabled</description>
            <requiresConfiguration>false</requiresConfiguration>
        </NameValuePair>
        <NameValuePair>
            <name>bw.log4j.configuration</name>
            <value/>
            <description>Log4j Configuration File Log4j Configuration file path</description>
            <requiresConfiguration>false</requiresConfiguration>
        </NameValuePair>
    </NameValuePairs>
</DeploymentDescriptors>